-- phpMyAdmin SQL Dump
-- version 4.6.6deb5
-- https://www.phpmyadmin.net/
--
-- Host: localhost:3306
-- Generation Time: Jul 16, 2020 at 05:58 PM
-- Server version: 5.7.30-0ubuntu0.18.04.1
-- PHP Version: 7.2.24-0ubuntu0.18.04.6

SET SQL_MODE = "NO_AUTO_VALUE_ON_ZERO";
SET time_zone = "+00:00";


/*!40101 SET @OLD_CHARACTER_SET_CLIENT=@@CHARACTER_SET_CLIENT */;
/*!40101 SET @OLD_CHARACTER_SET_RESULTS=@@CHARACTER_SET_RESULTS */;
/*!40101 SET @OLD_COLLATION_CONNECTION=@@COLLATION_CONNECTION */;
/*!40101 SET NAMES utf8mb4 */;

--
-- Database: `mandala`
--

-- --------------------------------------------------------

--
-- Table structure for table `agenda`
--

CREATE TABLE `agenda` (
  `id` int(11) NOT NULL,
  `pembuat` int(11) NOT NULL,
  `exsekusi` int(11) NOT NULL,
  `ket` text NOT NULL,
  `status` int(11) NOT NULL,
  `created` datetime NOT NULL DEFAULT CURRENT_TIMESTAMP,
  `updated` datetime NOT NULL DEFAULT CURRENT_TIMESTAMP ON UPDATE CURRENT_TIMESTAMP
) ENGINE=InnoDB DEFAULT CHARSET=latin1;

-- --------------------------------------------------------

--
-- Table structure for table `alat_dipakai`
--

CREATE TABLE `alat_dipakai` (
  `id` int(11) NOT NULL,
  `alat_list_id` int(11) NOT NULL,
  `pelanggan_id` int(11) NOT NULL
) ENGINE=InnoDB DEFAULT CHARSET=latin1;

--
-- Dumping data for table `alat_dipakai`
--

INSERT INTO `alat_dipakai` (`id`, `alat_list_id`, `pelanggan_id`) VALUES
(17, 45, 14),
(18, 54, 23),
(20, 38, 11),
(21, 68, 11),
(22, 69, 11),
(27, 55, 16),
(28, 70, 16),
(29, 37, 12),
(30, 56, 12),
(31, 71, 12),
(32, 46, 29),
(33, 57, 29),
(34, 58, 31),
(35, 72, 31),
(36, 39, 32),
(37, 122, 32),
(38, 59, 33),
(39, 73, 33),
(40, 47, 18),
(41, 48, 15),
(42, 123, 15),
(43, 49, 19),
(44, 124, 19),
(45, 50, 20),
(46, 125, 20),
(47, 40, 37),
(48, 74, 37),
(49, 126, 37),
(50, 51, 21),
(51, 127, 21),
(52, 52, 22),
(53, 128, 22),
(54, 177, 24),
(55, 129, 24),
(58, 179, 26),
(59, 131, 26),
(60, 180, 27),
(61, 132, 27),
(64, 36, 10),
(65, 53, 10),
(66, 181, 34),
(67, 60, 34),
(68, 185, 28),
(69, 186, 35),
(70, 75, 36),
(71, 133, 36),
(72, 182, 38),
(73, 134, 38),
(74, 44, 13),
(75, 135, 13),
(76, 183, 39),
(77, 136, 39),
(78, 184, 40),
(79, 137, 40),
(80, 187, 41),
(81, 138, 41),
(82, 41, 50),
(83, 61, 50),
(84, 178, 25),
(85, 130, 25),
(86, 188, 42),
(87, 139, 42),
(88, 189, 43),
(89, 140, 43),
(90, 190, 44),
(91, 141, 44),
(92, 207, 45),
(93, 142, 45),
(94, 208, 46),
(95, 143, 46),
(96, 42, 47),
(97, 43, 47),
(98, 144, 47),
(99, 116, 47),
(102, 191, 48),
(103, 145, 48),
(104, 209, 49),
(105, 146, 49),
(106, 210, 51),
(107, 147, 51),
(108, 211, 52),
(109, 148, 52),
(110, 117, 52),
(111, 149, 53),
(112, 150, 54),
(113, 235, 65),
(114, 76, 65),
(115, 236, 55),
(116, 77, 55),
(117, 93, 56),
(118, 151, 56),
(119, 273, 56),
(120, 192, 57),
(121, 78, 57),
(122, 152, 57),
(123, 153, 58),
(124, 79, 59),
(125, 154, 59),
(126, 212, 60),
(127, 237, 60),
(128, 155, 61),
(129, 156, 62),
(130, 157, 63),
(131, 238, 66),
(132, 80, 66),
(133, 193, 64),
(134, 287, 64),
(135, 194, 67),
(136, 158, 67),
(137, 94, 68),
(138, 159, 68),
(139, 274, 68),
(140, 195, 69),
(141, 239, 69),
(142, 81, 69),
(143, 118, 69),
(144, 95, 70),
(145, 160, 70),
(146, 281, 70),
(147, 213, 71),
(148, 161, 71),
(149, 240, 72),
(150, 82, 72),
(151, 96, 73),
(152, 162, 73),
(153, 163, 75),
(154, 241, 76),
(155, 83, 76),
(156, 119, 76),
(157, 84, 78),
(158, 164, 78),
(159, 231, 77),
(160, 165, 77),
(161, 214, 80),
(162, 166, 80),
(163, 167, 81),
(164, 97, 83),
(165, 168, 83),
(166, 215, 82),
(167, 169, 82),
(168, 242, 85),
(169, 98, 85),
(170, 196, 100),
(171, 243, 100),
(172, 197, 30),
(173, 244, 30),
(174, 85, 30),
(175, 198, 106),
(176, 199, 106),
(177, 86, 106),
(178, 170, 106),
(179, 245, 112),
(180, 87, 112),
(181, 200, 110),
(182, 288, 110),
(183, 233, 108),
(184, 246, 108),
(187, 201, 113),
(188, 247, 113),
(189, 217, 109),
(190, 172, 109),
(191, 218, 90),
(192, 173, 90),
(197, 202, 104),
(198, 174, 104),
(203, 99, 89),
(204, 175, 89),
(205, 284, 89),
(206, 291, 97),
(207, 176, 97),
(210, 219, 105),
(211, 249, 105),
(212, 250, 107),
(213, 220, 111),
(214, 251, 111),
(215, 100, 102),
(216, 294, 102),
(217, 285, 102),
(218, 221, 91),
(219, 252, 91),
(220, 222, 98),
(221, 253, 98),
(222, 223, 99),
(223, 254, 99),
(228, 224, 79),
(229, 255, 79),
(232, 216, 95),
(233, 171, 95),
(234, 225, 92),
(235, 257, 92),
(236, 203, 96),
(237, 258, 96),
(240, 259, 93),
(241, 90, 93),
(242, 260, 87),
(243, 101, 87),
(244, 272, 87),
(245, 261, 94),
(246, 275, 94),
(247, 230, 101),
(248, 256, 101),
(249, 248, 103),
(250, 102, 103),
(251, 271, 103),
(252, 299, 115),
(253, 295, 115),
(254, 204, 114),
(255, 262, 114);

-- --------------------------------------------------------

--
-- Table structure for table `alat_history`
--

CREATE TABLE `alat_history` (
  `id` int(11) NOT NULL,
  `alat_jenis_id` int(11) NOT NULL,
  `alat_list_id` int(11) NOT NULL,
  `jumlah` int(11) NOT NULL,
  `created` datetime NOT NULL DEFAULT CURRENT_TIMESTAMP
) ENGINE=InnoDB DEFAULT CHARSET=latin1;

--
-- Dumping data for table `alat_history`
--

INSERT INTO `alat_history` (`id`, `alat_jenis_id`, `alat_list_id`, `jumlah`, `created`) VALUES
(10, 9, 0, 100, '2020-07-07 16:48:00'),
(11, 10, 0, 500, '2020-07-07 16:48:11'),
(12, 16, 36, 1, '2020-07-07 16:53:18'),
(13, 16, 37, 1, '2020-07-07 16:53:22'),
(14, 16, 38, 1, '2020-07-07 16:53:27'),
(15, 16, 39, 1, '2020-07-07 16:53:31'),
(16, 16, 40, 1, '2020-07-07 16:53:34'),
(17, 16, 41, 1, '2020-07-07 16:53:37'),
(18, 16, 42, 1, '2020-07-07 16:53:41'),
(19, 16, 43, 1, '2020-07-07 16:53:45'),
(20, 17, 44, 1, '2020-07-07 16:54:59'),
(21, 17, 45, 1, '2020-07-07 16:55:06'),
(22, 17, 46, 1, '2020-07-07 16:55:10'),
(23, 17, 47, 1, '2020-07-07 16:55:13'),
(24, 17, 48, 1, '2020-07-07 16:55:46'),
(25, 17, 49, 1, '2020-07-07 16:55:49'),
(26, 17, 50, 1, '2020-07-07 16:55:52'),
(27, 17, 51, 1, '2020-07-07 16:55:55'),
(28, 17, 52, 1, '2020-07-07 16:55:58'),
(29, 18, 53, 1, '2020-07-07 16:56:13'),
(30, 18, 54, 1, '2020-07-07 16:56:16'),
(31, 18, 55, 1, '2020-07-07 16:56:20'),
(32, 18, 56, 1, '2020-07-07 16:56:48'),
(33, 18, 57, 1, '2020-07-07 16:56:52'),
(34, 18, 58, 1, '2020-07-07 16:56:56'),
(35, 18, 59, 1, '2020-07-07 16:57:02'),
(36, 18, 60, 1, '2020-07-07 16:57:16'),
(37, 18, 61, 1, '2020-07-07 16:57:29'),
(38, 29, 62, 1, '2020-07-08 09:38:32'),
(39, 29, 63, 1, '2020-07-08 09:38:40'),
(40, 29, 64, 1, '2020-07-08 09:38:44'),
(41, 29, 65, 1, '2020-07-08 09:38:47'),
(42, 29, 66, 1, '2020-07-08 09:38:51'),
(43, 29, 67, 1, '2020-07-08 09:38:54'),
(44, 22, 68, 1, '2020-07-08 09:40:18'),
(45, 25, 69, 1, '2020-07-08 09:40:55'),
(46, 19, 70, 1, '2020-07-08 15:49:08'),
(47, 19, 71, 1, '2020-07-08 15:49:27'),
(48, 19, 72, 1, '2020-07-08 15:49:35'),
(49, 19, 73, 1, '2020-07-08 15:49:44'),
(50, 19, 74, 1, '2020-07-08 15:50:00'),
(51, 19, 75, 1, '2020-07-08 15:50:08'),
(52, 19, 76, 1, '2020-07-08 15:50:15'),
(53, 19, 77, 1, '2020-07-08 15:50:22'),
(54, 19, 78, 1, '2020-07-08 15:50:32'),
(55, 19, 79, 1, '2020-07-08 15:50:44'),
(56, 19, 80, 1, '2020-07-08 15:50:50'),
(57, 19, 81, 1, '2020-07-08 15:51:12'),
(58, 19, 82, 1, '2020-07-08 15:51:22'),
(59, 19, 83, 1, '2020-07-08 15:52:03'),
(60, 19, 84, 1, '2020-07-08 15:52:14'),
(61, 19, 85, 1, '2020-07-08 15:52:20'),
(62, 19, 86, 1, '2020-07-08 15:52:32'),
(63, 19, 87, 1, '2020-07-08 15:52:47'),
(64, 20, 88, 1, '2020-07-08 15:56:30'),
(65, 21, 89, 1, '2020-07-08 15:57:06'),
(66, 24, 90, 1, '2020-07-08 16:41:11'),
(67, 24, 91, 1, '2020-07-08 16:41:22'),
(68, 24, 92, 1, '2020-07-08 16:41:36'),
(69, 23, 93, 1, '2020-07-08 16:42:36'),
(70, 23, 94, 1, '2020-07-08 16:42:46'),
(71, 23, 95, 1, '2020-07-08 16:42:55'),
(72, 23, 96, 1, '2020-07-08 16:43:08'),
(73, 23, 97, 1, '2020-07-08 16:43:22'),
(74, 23, 98, 1, '2020-07-08 16:43:51'),
(75, 23, 99, 1, '2020-07-08 16:44:01'),
(76, 23, 100, 1, '2020-07-08 16:47:53'),
(77, 23, 101, 1, '2020-07-08 16:48:02'),
(78, 23, 102, 1, '2020-07-08 16:48:18'),
(79, 23, 103, 1, '2020-07-08 16:48:40'),
(80, 23, 104, 1, '2020-07-08 16:48:48'),
(81, 23, 105, 1, '2020-07-08 16:48:56'),
(82, 23, 106, 1, '2020-07-08 16:49:04'),
(83, 23, 107, 1, '2020-07-08 16:49:11'),
(84, 23, 108, 1, '2020-07-08 16:49:32'),
(85, 23, 109, 1, '2020-07-08 16:49:48'),
(86, 23, 110, 1, '2020-07-08 16:49:59'),
(87, 23, 111, 1, '2020-07-08 16:50:08'),
(88, 23, 112, 1, '2020-07-08 16:50:15'),
(89, 23, 113, 1, '2020-07-08 16:50:25'),
(90, 23, 114, 1, '2020-07-08 16:50:33'),
(91, 23, 115, 1, '2020-07-08 16:50:39'),
(92, 28, 116, 1, '2020-07-08 16:51:34'),
(93, 28, 117, 1, '2020-07-08 16:51:47'),
(94, 28, 118, 1, '2020-07-08 16:51:58'),
(95, 28, 119, 1, '2020-07-08 16:52:16'),
(96, 28, 120, 1, '2020-07-08 16:52:25'),
(97, 28, 121, 1, '2020-07-08 16:52:33'),
(98, 26, 122, 1, '2020-07-08 21:39:18'),
(99, 26, 123, 1, '2020-07-08 21:39:31'),
(100, 26, 124, 1, '2020-07-08 21:39:43'),
(101, 26, 125, 1, '2020-07-08 21:39:50'),
(102, 26, 126, 1, '2020-07-08 21:39:57'),
(103, 26, 127, 1, '2020-07-08 21:40:04'),
(104, 26, 128, 1, '2020-07-08 21:40:10'),
(105, 26, 129, 1, '2020-07-08 21:40:17'),
(106, 26, 130, 1, '2020-07-08 21:40:23'),
(107, 26, 131, 1, '2020-07-08 21:40:30'),
(108, 26, 132, 1, '2020-07-08 21:40:40'),
(109, 26, 133, 1, '2020-07-08 21:40:53'),
(110, 26, 134, 1, '2020-07-08 21:41:00'),
(111, 26, 135, 1, '2020-07-08 21:41:07'),
(112, 26, 136, 1, '2020-07-08 21:41:14'),
(113, 26, 137, 1, '2020-07-08 21:41:20'),
(114, 26, 138, 1, '2020-07-08 21:41:27'),
(115, 26, 139, 1, '2020-07-08 21:41:35'),
(116, 26, 140, 1, '2020-07-08 21:41:42'),
(117, 26, 141, 1, '2020-07-08 21:41:50'),
(118, 26, 142, 1, '2020-07-08 21:42:01'),
(119, 26, 143, 1, '2020-07-08 21:42:11'),
(120, 26, 144, 1, '2020-07-08 21:42:17'),
(121, 26, 145, 1, '2020-07-08 21:42:24'),
(122, 26, 146, 1, '2020-07-08 21:42:31'),
(123, 26, 147, 1, '2020-07-08 21:42:37'),
(124, 26, 148, 1, '2020-07-08 21:42:51'),
(125, 26, 149, 1, '2020-07-08 21:43:03'),
(126, 26, 150, 1, '2020-07-08 21:43:10'),
(127, 26, 151, 1, '2020-07-08 21:43:17'),
(128, 26, 152, 1, '2020-07-08 21:43:25'),
(129, 26, 153, 1, '2020-07-08 21:43:31'),
(130, 26, 154, 1, '2020-07-08 21:43:37'),
(131, 26, 155, 1, '2020-07-08 21:43:44'),
(132, 26, 156, 1, '2020-07-08 21:43:50'),
(133, 26, 157, 1, '2020-07-08 21:43:59'),
(134, 26, 158, 1, '2020-07-08 21:44:06'),
(135, 26, 159, 1, '2020-07-08 21:44:14'),
(136, 26, 160, 1, '2020-07-08 21:44:21'),
(137, 26, 161, 1, '2020-07-08 21:44:30'),
(138, 26, 162, 1, '2020-07-08 21:44:36'),
(139, 26, 163, 1, '2020-07-08 21:44:44'),
(140, 26, 164, 1, '2020-07-08 21:44:51'),
(141, 26, 165, 1, '2020-07-08 21:44:58'),
(142, 26, 166, 1, '2020-07-08 21:45:22'),
(143, 26, 167, 1, '2020-07-08 21:45:28'),
(144, 26, 168, 1, '2020-07-08 21:45:53'),
(145, 26, 169, 1, '2020-07-08 21:46:02'),
(146, 26, 170, 1, '2020-07-08 21:46:08'),
(147, 26, 171, 1, '2020-07-08 21:46:14'),
(148, 26, 172, 1, '2020-07-08 21:46:20'),
(149, 26, 173, 1, '2020-07-08 21:46:28'),
(150, 26, 174, 1, '2020-07-08 21:46:35'),
(151, 26, 175, 1, '2020-07-08 21:46:41'),
(152, 26, 176, 1, '2020-07-08 21:46:47'),
(153, 17, 177, 1, '2020-07-08 21:56:45'),
(154, 17, 178, 1, '2020-07-08 21:56:51'),
(155, 17, 179, 1, '2020-07-08 21:56:58'),
(156, 17, 180, 1, '2020-07-08 21:57:05'),
(157, 17, 181, 1, '2020-07-08 21:57:12'),
(158, 17, 182, 1, '2020-07-08 21:57:18'),
(159, 17, 183, 1, '2020-07-08 21:57:38'),
(160, 17, 184, 1, '2020-07-08 21:57:47'),
(161, 17, 185, 1, '2020-07-08 21:57:54'),
(162, 17, 186, 1, '2020-07-08 21:58:08'),
(163, 17, 187, 1, '2020-07-08 21:58:15'),
(164, 17, 188, 1, '2020-07-08 21:58:24'),
(165, 17, 189, 1, '2020-07-08 21:58:32'),
(166, 17, 190, 1, '2020-07-08 21:58:39'),
(167, 10, 0, 620, '2020-07-09 13:42:34'),
(168, 10, 0, 610, '2020-07-09 19:00:43'),
(169, 16, 191, 1, '2020-07-09 19:01:30'),
(170, 16, 192, 1, '2020-07-09 19:01:50'),
(171, 16, 193, 1, '2020-07-09 19:02:01'),
(172, 16, 194, 1, '2020-07-09 19:02:15'),
(173, 16, 195, 1, '2020-07-09 19:02:23'),
(174, 16, 196, 1, '2020-07-09 19:02:32'),
(175, 16, 197, 1, '2020-07-09 19:02:51'),
(176, 16, 198, 1, '2020-07-09 19:02:59'),
(177, 16, 199, 1, '2020-07-09 19:03:10'),
(178, 16, 200, 1, '2020-07-09 19:03:19'),
(179, 16, 201, 1, '2020-07-09 19:03:26'),
(180, 16, 202, 1, '2020-07-09 19:03:35'),
(181, 16, 203, 1, '2020-07-09 19:03:43'),
(182, 16, 204, 1, '2020-07-09 19:04:09'),
(183, 16, 205, 1, '2020-07-09 19:04:22'),
(184, 16, 206, 1, '2020-07-09 19:04:40'),
(185, 17, 207, 1, '2020-07-10 11:22:58'),
(186, 17, 208, 1, '2020-07-10 11:23:06'),
(187, 17, 209, 1, '2020-07-10 11:23:19'),
(188, 17, 210, 1, '2020-07-10 11:23:28'),
(189, 17, 211, 1, '2020-07-10 11:23:45'),
(190, 17, 212, 1, '2020-07-10 11:23:52'),
(191, 17, 213, 1, '2020-07-10 11:24:02'),
(192, 17, 214, 1, '2020-07-10 11:24:10'),
(193, 17, 215, 1, '2020-07-10 11:24:18'),
(194, 17, 216, 1, '2020-07-10 11:24:28'),
(195, 17, 217, 1, '2020-07-10 11:24:36'),
(196, 17, 218, 1, '2020-07-10 11:24:45'),
(197, 17, 219, 1, '2020-07-10 11:24:53'),
(198, 17, 220, 1, '2020-07-10 11:25:13'),
(199, 17, 221, 1, '2020-07-10 11:25:20'),
(200, 17, 222, 1, '2020-07-10 11:25:29'),
(201, 17, 223, 1, '2020-07-10 11:25:47'),
(202, 17, 224, 1, '2020-07-10 11:25:55'),
(203, 17, 225, 1, '2020-07-10 11:26:03'),
(204, 17, 226, 1, '2020-07-10 11:26:11'),
(205, 17, 227, 1, '2020-07-10 11:26:18'),
(206, 17, 228, 1, '2020-07-10 11:26:25'),
(207, 17, 229, 1, '2020-07-10 11:27:48'),
(208, 17, 230, 1, '2020-07-10 11:27:58'),
(209, 17, 231, 1, '2020-07-10 11:28:11'),
(210, 17, 232, 1, '2020-07-10 11:28:17'),
(211, 17, 233, 1, '2020-07-10 11:28:24'),
(212, 17, 234, 1, '2020-07-10 11:28:35'),
(213, 18, 235, 1, '2020-07-10 14:36:34'),
(214, 18, 236, 1, '2020-07-10 14:36:59'),
(215, 18, 237, 1, '2020-07-10 14:37:03'),
(216, 18, 238, 1, '2020-07-10 14:37:09'),
(217, 18, 239, 1, '2020-07-10 14:37:23'),
(218, 18, 240, 1, '2020-07-10 14:37:28'),
(219, 18, 241, 1, '2020-07-10 14:37:32'),
(220, 18, 242, 1, '2020-07-10 14:37:35'),
(221, 18, 243, 1, '2020-07-10 14:37:40'),
(222, 18, 244, 1, '2020-07-10 14:37:50'),
(223, 18, 245, 1, '2020-07-10 14:38:00'),
(224, 18, 246, 1, '2020-07-10 14:38:03'),
(225, 18, 247, 1, '2020-07-10 14:38:07'),
(226, 18, 248, 1, '2020-07-10 14:38:11'),
(227, 18, 249, 1, '2020-07-10 14:38:14'),
(228, 18, 250, 1, '2020-07-10 14:38:20'),
(229, 18, 251, 1, '2020-07-10 14:38:26'),
(230, 18, 252, 1, '2020-07-10 14:38:49'),
(231, 18, 253, 1, '2020-07-10 14:38:54'),
(232, 18, 254, 1, '2020-07-10 14:38:59'),
(233, 18, 255, 1, '2020-07-10 14:39:06'),
(234, 18, 256, 1, '2020-07-10 14:39:11'),
(235, 18, 257, 1, '2020-07-10 14:39:14'),
(236, 18, 258, 1, '2020-07-10 14:39:18'),
(237, 18, 259, 1, '2020-07-10 14:39:28'),
(238, 18, 260, 1, '2020-07-10 14:39:38'),
(239, 18, 261, 1, '2020-07-10 14:39:44'),
(240, 18, 262, 1, '2020-07-10 14:39:56'),
(241, 18, 263, 1, '2020-07-10 14:40:18'),
(242, 18, 264, 1, '2020-07-10 14:40:25'),
(243, 18, 265, 1, '2020-07-10 14:40:33'),
(244, 18, 266, 1, '2020-07-10 14:40:37'),
(245, 18, 267, 1, '2020-07-10 14:40:44'),
(246, 18, 268, 1, '2020-07-10 14:40:54'),
(247, 16, 269, 1, '2020-07-10 14:42:22'),
(248, 16, 270, 1, '2020-07-10 14:42:27'),
(249, 30, 271, 1, '2020-07-10 14:43:31'),
(250, 30, 272, 1, '2020-07-10 14:43:39'),
(251, 31, 273, 1, '2020-07-10 14:43:57'),
(252, 31, 274, 1, '2020-07-10 14:44:04'),
(253, 32, 275, 1, '2020-07-10 14:47:18'),
(254, 32, 276, 1, '2020-07-10 14:47:24'),
(255, 32, 277, 1, '2020-07-10 14:47:34'),
(256, 32, 278, 1, '2020-07-10 14:47:39'),
(257, 32, 279, 1, '2020-07-10 14:47:43'),
(258, 32, 280, 1, '2020-07-10 14:47:49'),
(259, 31, 281, 1, '2020-07-10 14:47:54'),
(260, 32, 282, 1, '2020-07-10 14:47:56'),
(261, 32, 283, 1, '2020-07-10 14:48:05'),
(262, 31, 284, 1, '2020-07-10 14:48:06'),
(263, 31, 285, 1, '2020-07-10 14:48:20'),
(264, 32, 286, 1, '2020-07-10 14:48:45'),
(265, 33, 287, 1, '2020-07-10 15:56:54'),
(266, 33, 288, 1, '2020-07-10 15:57:02'),
(267, 34, 289, 1, '2020-07-10 15:57:24'),
(268, 34, 290, 1, '2020-07-10 16:02:46'),
(269, 9, 0, 146, '2020-07-11 12:49:09'),
(270, 19, 291, 1, '2020-07-13 15:20:28'),
(271, 19, 292, 1, '2020-07-13 15:20:41'),
(272, 19, 293, 1, '2020-07-13 15:20:53'),
(273, 10, 0, 620, '2020-07-15 11:26:15'),
(274, 26, 294, 1, '2020-07-15 12:11:25'),
(275, 33, 295, 1, '2020-07-16 15:02:46'),
(276, 33, 296, 1, '2020-07-16 15:03:50'),
(277, 19, 297, 1, '2020-07-16 15:04:33'),
(278, 28, 298, 1, '2020-07-16 15:06:02'),
(279, 19, 299, 1, '2020-07-16 15:07:05'),
(280, 33, 300, 1, '2020-07-16 15:08:01');

-- --------------------------------------------------------

--
-- Table structure for table `alat_list`
--

CREATE TABLE `alat_list` (
  `id` int(11) NOT NULL,
  `alat_jenis_id` int(11) NOT NULL,
  `sn` varchar(255) NOT NULL,
  `status` tinyint(4) NOT NULL DEFAULT '1',
  `created` datetime NOT NULL DEFAULT CURRENT_TIMESTAMP,
  `updated` datetime NOT NULL DEFAULT CURRENT_TIMESTAMP ON UPDATE CURRENT_TIMESTAMP
) ENGINE=InnoDB DEFAULT CHARSET=latin1;

--
-- Dumping data for table `alat_list`
--

INSERT INTO `alat_list` (`id`, `alat_jenis_id`, `sn`, `status`, `created`, `updated`) VALUES
(36, 16, '1', 2, '2020-07-07 16:53:18', '2020-07-16 16:48:57'),
(37, 16, '2', 2, '2020-07-07 16:53:22', '2020-07-16 16:48:57'),
(38, 16, '3', 2, '2020-07-07 16:53:27', '2020-07-16 16:48:57'),
(39, 16, '4', 2, '2020-07-07 16:53:31', '2020-07-16 16:48:57'),
(40, 16, '5', 2, '2020-07-07 16:53:34', '2020-07-16 16:48:57'),
(41, 16, '6', 2, '2020-07-07 16:53:37', '2020-07-16 16:48:57'),
(42, 16, '7', 2, '2020-07-07 16:53:41', '2020-07-16 16:48:57'),
(43, 16, '8', 2, '2020-07-07 16:53:45', '2020-07-16 16:48:57'),
(44, 17, '11', 2, '2020-07-07 16:54:59', '2020-07-16 16:48:57'),
(45, 17, '22', 2, '2020-07-07 16:55:06', '2020-07-16 16:48:57'),
(46, 17, '33', 2, '2020-07-07 16:55:10', '2020-07-16 16:48:57'),
(47, 17, '44', 2, '2020-07-07 16:55:13', '2020-07-16 16:48:57'),
(48, 17, '55', 2, '2020-07-07 16:55:46', '2020-07-16 16:48:57'),
(49, 17, '66', 2, '2020-07-07 16:55:49', '2020-07-16 16:48:57'),
(50, 17, '77', 2, '2020-07-07 16:55:52', '2020-07-16 16:48:57'),
(51, 17, '88', 2, '2020-07-07 16:55:55', '2020-07-16 16:48:57'),
(52, 17, '99', 2, '2020-07-07 16:55:58', '2020-07-16 16:48:57'),
(53, 18, '111', 2, '2020-07-07 16:56:13', '2020-07-16 16:48:57'),
(54, 18, '222', 2, '2020-07-07 16:56:16', '2020-07-16 16:48:57'),
(55, 18, '333', 2, '2020-07-07 16:56:20', '2020-07-16 16:48:57'),
(56, 18, '444', 2, '2020-07-07 16:56:48', '2020-07-16 16:48:57'),
(57, 18, '555', 2, '2020-07-07 16:56:52', '2020-07-16 16:48:57'),
(58, 18, '666', 2, '2020-07-07 16:56:56', '2020-07-16 16:48:57'),
(59, 18, '888', 2, '2020-07-07 16:57:02', '2020-07-16 16:48:57'),
(60, 18, '777', 2, '2020-07-07 16:57:16', '2020-07-16 16:48:57'),
(61, 18, '999', 2, '2020-07-07 16:57:29', '2020-07-16 16:48:57'),
(62, 29, '12', 1, '2020-07-08 09:38:32', '2020-07-08 09:38:32'),
(63, 29, '13', 1, '2020-07-08 09:38:40', '2020-07-08 09:38:40'),
(64, 29, '14', 1, '2020-07-08 09:38:44', '2020-07-08 09:38:44'),
(65, 29, '15', 1, '2020-07-08 09:38:47', '2020-07-08 09:38:47'),
(66, 29, '16', 1, '2020-07-08 09:38:51', '2020-07-08 09:38:51'),
(67, 29, '17', 1, '2020-07-08 09:38:54', '2020-07-08 09:38:54'),
(68, 22, 'om1', 2, '2020-07-08 09:40:18', '2020-07-16 16:48:57'),
(69, 25, 'tp1', 2, '2020-07-08 09:40:54', '2020-07-16 16:48:57'),
(70, 19, 'sxem401', 2, '2020-07-08 15:49:08', '2020-07-16 16:48:57'),
(71, 19, 'sxem402', 2, '2020-07-08 15:49:27', '2020-07-16 16:48:57'),
(72, 19, 'sxem403', 2, '2020-07-08 15:49:35', '2020-07-16 16:48:57'),
(73, 19, 'sxem404', 2, '2020-07-08 15:49:44', '2020-07-16 16:48:57'),
(74, 19, 'sxem405', 2, '2020-07-08 15:50:00', '2020-07-16 16:48:57'),
(75, 19, 'sxem406', 2, '2020-07-08 15:50:08', '2020-07-16 16:48:57'),
(76, 19, 'sxem407', 2, '2020-07-08 15:50:15', '2020-07-16 16:48:57'),
(77, 19, 'sxem408', 2, '2020-07-08 15:50:22', '2020-07-16 16:48:57'),
(78, 19, 'sxem409', 2, '2020-07-08 15:50:32', '2020-07-16 16:48:57'),
(79, 19, 'sxem410', 2, '2020-07-08 15:50:44', '2020-07-16 16:48:57'),
(80, 19, 'sxem411', 2, '2020-07-08 15:50:50', '2020-07-16 16:48:57'),
(81, 19, 'sxem412', 2, '2020-07-08 15:51:12', '2020-07-16 16:48:57'),
(82, 19, 'sxem413', 2, '2020-07-08 15:51:22', '2020-07-16 16:48:57'),
(83, 19, 'sxem414', 2, '2020-07-08 15:52:03', '2020-07-16 16:48:57'),
(84, 19, 'sxem415', 2, '2020-07-08 15:52:14', '2020-07-16 16:48:57'),
(85, 19, 'sxem416', 2, '2020-07-08 15:52:20', '2020-07-16 16:48:57'),
(86, 19, 'sxem417', 2, '2020-07-08 15:52:32', '2020-07-16 16:48:57'),
(87, 19, 'sxem418', 2, '2020-07-08 15:52:47', '2020-07-16 16:48:57'),
(88, 20, 'xl5001lhg', 1, '2020-07-08 15:56:30', '2020-07-08 15:56:30'),
(89, 21, 'xl5ac001lhg', 1, '2020-07-08 15:57:06', '2020-07-08 15:57:06'),
(90, 24, 'c650pe001', 2, '2020-07-08 16:41:11', '2020-07-16 16:48:57'),
(91, 24, 'c650pe002', 1, '2020-07-08 16:41:22', '2020-07-08 16:41:22'),
(92, 24, 'c650pe003', 1, '2020-07-08 16:41:36', '2020-07-08 16:41:36'),
(93, 23, 'l5df001', 2, '2020-07-08 16:42:36', '2020-07-16 16:48:57'),
(94, 23, 'l5df002', 2, '2020-07-08 16:42:46', '2020-07-16 16:48:57'),
(95, 23, 'l5df003', 2, '2020-07-08 16:42:55', '2020-07-16 16:48:57'),
(96, 23, 'l5df004', 2, '2020-07-08 16:43:08', '2020-07-16 16:48:57'),
(97, 23, 'l5df005', 2, '2020-07-08 16:43:22', '2020-07-16 16:48:57'),
(98, 23, 'l5df006', 2, '2020-07-08 16:43:51', '2020-07-16 16:48:57'),
(99, 23, 'l5df007', 2, '2020-07-08 16:44:01', '2020-07-16 16:48:57'),
(100, 23, 'l5df008', 2, '2020-07-08 16:47:53', '2020-07-16 16:48:57'),
(101, 23, 'l5df009', 2, '2020-07-08 16:48:02', '2020-07-16 16:48:57'),
(102, 23, 'l5df010', 2, '2020-07-08 16:48:18', '2020-07-16 16:48:57'),
(103, 23, 'l5df011', 1, '2020-07-08 16:48:40', '2020-07-08 16:48:40'),
(105, 23, 'l5df013', 1, '2020-07-08 16:48:56', '2020-07-08 16:48:56'),
(106, 23, 'l5df014', 1, '2020-07-08 16:49:04', '2020-07-08 16:49:04'),
(107, 23, 'l5df015', 1, '2020-07-08 16:49:11', '2020-07-08 16:49:11'),
(116, 28, 'sw8p001', 2, '2020-07-08 16:51:34', '2020-07-16 16:48:57'),
(117, 28, 'sw8p002', 2, '2020-07-08 16:51:47', '2020-07-16 16:48:57'),
(118, 28, 'sw8p003', 2, '2020-07-08 16:51:58', '2020-07-16 16:48:57'),
(119, 28, 'sw8p004', 2, '2020-07-08 16:52:16', '2020-07-16 16:48:57'),
(122, 26, 'N301td001', 2, '2020-07-08 21:39:18', '2020-07-16 16:48:57'),
(123, 26, 'N301td002', 2, '2020-07-08 21:39:31', '2020-07-16 16:48:57'),
(124, 26, 'N301td003', 2, '2020-07-08 21:39:43', '2020-07-16 16:48:57'),
(125, 26, 'N301td004', 2, '2020-07-08 21:39:50', '2020-07-16 16:48:57'),
(126, 26, 'N301td005', 2, '2020-07-08 21:39:57', '2020-07-16 16:48:57'),
(127, 26, 'N301td006', 2, '2020-07-08 21:40:04', '2020-07-16 16:48:57'),
(128, 26, 'N301td007', 2, '2020-07-08 21:40:10', '2020-07-16 16:48:57'),
(129, 26, 'N301td008', 2, '2020-07-08 21:40:17', '2020-07-16 16:48:57'),
(130, 26, 'N301td009', 2, '2020-07-08 21:40:23', '2020-07-16 16:48:57'),
(131, 26, 'N301td010', 2, '2020-07-08 21:40:30', '2020-07-16 16:48:57'),
(132, 26, 'N301td011', 2, '2020-07-08 21:40:40', '2020-07-16 16:48:57'),
(133, 26, 'N301td012', 2, '2020-07-08 21:40:53', '2020-07-16 16:48:57'),
(134, 26, 'N301td013', 2, '2020-07-08 21:41:00', '2020-07-16 16:48:57'),
(135, 26, 'N301td014', 2, '2020-07-08 21:41:07', '2020-07-16 16:48:57'),
(136, 26, 'N301td015', 2, '2020-07-08 21:41:14', '2020-07-16 16:48:57'),
(137, 26, 'N301td016', 2, '2020-07-08 21:41:20', '2020-07-16 16:48:57'),
(138, 26, 'N301td017', 2, '2020-07-08 21:41:27', '2020-07-16 16:48:57'),
(139, 26, 'N301td018', 2, '2020-07-08 21:41:35', '2020-07-16 16:48:57'),
(140, 26, 'N301td019', 2, '2020-07-08 21:41:42', '2020-07-16 16:48:57'),
(141, 26, 'N301td020', 2, '2020-07-08 21:41:50', '2020-07-16 16:48:57'),
(142, 26, 'N301td021', 2, '2020-07-08 21:42:01', '2020-07-16 16:48:57'),
(143, 26, 'N301td022', 2, '2020-07-08 21:42:11', '2020-07-16 16:48:57'),
(144, 26, 'N301td023', 2, '2020-07-08 21:42:17', '2020-07-16 16:48:57'),
(145, 26, 'N301td024', 2, '2020-07-08 21:42:24', '2020-07-16 16:48:57'),
(146, 26, 'N301td025', 2, '2020-07-08 21:42:31', '2020-07-16 16:48:57'),
(147, 26, 'N301td026', 2, '2020-07-08 21:42:37', '2020-07-16 16:48:57'),
(148, 26, 'N301td027', 2, '2020-07-08 21:42:51', '2020-07-16 16:48:57'),
(149, 26, 'N301td028', 2, '2020-07-08 21:43:03', '2020-07-16 16:48:57'),
(150, 26, 'N301td029', 2, '2020-07-08 21:43:10', '2020-07-16 16:48:57'),
(151, 26, 'N301td030', 2, '2020-07-08 21:43:17', '2020-07-16 16:48:57'),
(152, 26, 'N301td031', 2, '2020-07-08 21:43:25', '2020-07-16 16:48:57'),
(153, 26, 'N301td032', 2, '2020-07-08 21:43:31', '2020-07-16 16:48:57'),
(154, 26, 'N301td034', 2, '2020-07-08 21:43:37', '2020-07-16 16:48:57'),
(155, 26, 'N301td036', 2, '2020-07-08 21:43:44', '2020-07-16 16:48:57'),
(156, 26, 'N301td037', 2, '2020-07-08 21:43:50', '2020-07-16 16:48:57'),
(157, 26, 'N301td038', 2, '2020-07-08 21:43:59', '2020-07-16 16:48:57'),
(158, 26, 'N301td039', 2, '2020-07-08 21:44:06', '2020-07-16 16:48:57'),
(159, 26, 'N301td040', 2, '2020-07-08 21:44:14', '2020-07-16 16:48:57'),
(160, 26, 'N301td041', 2, '2020-07-08 21:44:21', '2020-07-16 16:48:57'),
(161, 26, 'N301td042', 2, '2020-07-08 21:44:30', '2020-07-16 16:48:57'),
(162, 26, 'N301td043', 2, '2020-07-08 21:44:36', '2020-07-16 16:48:57'),
(163, 26, 'N301td044', 2, '2020-07-08 21:44:44', '2020-07-16 16:48:57'),
(164, 26, 'N301td045', 2, '2020-07-08 21:44:51', '2020-07-16 16:48:57'),
(165, 26, 'N301td046', 2, '2020-07-08 21:44:58', '2020-07-16 16:48:57'),
(166, 26, 'N301td047', 2, '2020-07-08 21:45:22', '2020-07-16 16:48:57'),
(167, 26, 'N301td048', 2, '2020-07-08 21:45:28', '2020-07-16 16:48:57'),
(168, 26, 'N301td049', 2, '2020-07-08 21:45:53', '2020-07-16 16:48:57'),
(169, 26, 'N301td050', 2, '2020-07-08 21:46:02', '2020-07-16 16:48:57'),
(170, 26, 'N301td051', 2, '2020-07-08 21:46:08', '2020-07-16 16:48:57'),
(171, 26, 'N301td052', 2, '2020-07-08 21:46:14', '2020-07-16 16:48:57'),
(172, 26, 'N301td053', 2, '2020-07-08 21:46:20', '2020-07-16 16:48:57'),
(173, 26, 'N301td054', 2, '2020-07-08 21:46:28', '2020-07-16 16:48:57'),
(174, 26, 'N301td055', 2, '2020-07-08 21:46:35', '2020-07-16 16:48:57'),
(175, 26, 'N301td056', 2, '2020-07-08 21:46:41', '2020-07-16 16:48:57'),
(176, 26, 'N301td057', 2, '2020-07-08 21:46:47', '2020-07-16 16:48:57'),
(177, 17, '3sxt001', 2, '2020-07-08 21:56:45', '2020-07-16 16:48:57'),
(178, 17, '3sxt002', 2, '2020-07-08 21:56:51', '2020-07-16 16:48:57'),
(179, 17, '3sxt003', 2, '2020-07-08 21:56:58', '2020-07-16 16:48:57'),
(180, 17, '3sxt004', 2, '2020-07-08 21:57:05', '2020-07-16 16:48:57'),
(181, 17, '3sxt005', 2, '2020-07-08 21:57:12', '2020-07-16 16:48:57'),
(182, 17, '3sxt006', 2, '2020-07-08 21:57:18', '2020-07-16 16:48:57'),
(183, 17, '3sxt007', 2, '2020-07-08 21:57:37', '2020-07-16 16:48:57'),
(184, 17, '3sxt008', 2, '2020-07-08 21:57:47', '2020-07-16 16:48:57'),
(185, 17, '3sxt009', 2, '2020-07-08 21:57:54', '2020-07-16 16:48:57'),
(186, 17, '3sxt010', 2, '2020-07-08 21:58:08', '2020-07-16 16:48:57'),
(187, 17, '3sxt011', 2, '2020-07-08 21:58:15', '2020-07-16 16:48:57'),
(188, 17, '3sxt012', 2, '2020-07-08 21:58:24', '2020-07-16 16:48:57'),
(189, 17, '3sxt013', 2, '2020-07-08 21:58:32', '2020-07-16 16:48:57'),
(190, 17, '3sxt014', 2, '2020-07-08 21:58:39', '2020-07-16 16:48:57'),
(191, 16, '5lhg001', 2, '2020-07-09 19:01:30', '2020-07-16 16:48:57'),
(192, 16, '5lhg002', 2, '2020-07-09 19:01:50', '2020-07-16 16:48:57'),
(193, 16, '5lhg003', 2, '2020-07-09 19:02:01', '2020-07-16 16:48:57'),
(194, 16, '5lhg004', 2, '2020-07-09 19:02:15', '2020-07-16 16:48:57'),
(195, 16, '5lhg006', 2, '2020-07-09 19:02:23', '2020-07-16 16:48:57'),
(196, 16, '5lhg009', 2, '2020-07-09 19:02:32', '2020-07-16 16:48:57'),
(197, 16, '5lhg010', 2, '2020-07-09 19:02:51', '2020-07-16 16:48:57'),
(198, 16, '5lhg011', 2, '2020-07-09 19:02:59', '2020-07-16 16:48:57'),
(199, 16, '5lhg012', 2, '2020-07-09 19:03:10', '2020-07-16 16:48:57'),
(200, 16, '5lhg013', 2, '2020-07-09 19:03:19', '2020-07-16 16:48:57'),
(201, 16, '5lhg015', 2, '2020-07-09 19:03:26', '2020-07-16 16:48:57'),
(202, 16, '5lhg014', 2, '2020-07-09 19:03:35', '2020-07-16 16:48:57'),
(203, 16, '5lhg017', 2, '2020-07-09 19:03:43', '2020-07-16 16:48:57'),
(204, 16, '5lhg018', 2, '2020-07-09 19:04:09', '2020-07-16 16:48:57'),
(205, 16, '5lhg019', 1, '2020-07-09 19:04:22', '2020-07-09 19:04:22'),
(206, 16, '5lhg020', 1, '2020-07-09 19:04:40', '2020-07-09 19:04:40'),
(207, 17, '3sxt015', 2, '2020-07-10 11:22:58', '2020-07-16 16:48:57'),
(208, 17, '3sxt016', 2, '2020-07-10 11:23:06', '2020-07-16 16:48:57'),
(209, 17, '3sxt017', 2, '2020-07-10 11:23:19', '2020-07-16 16:48:57'),
(210, 17, '3sxt018', 2, '2020-07-10 11:23:28', '2020-07-16 16:48:57'),
(211, 17, '3sxt019', 2, '2020-07-10 11:23:45', '2020-07-16 16:48:57'),
(212, 17, 'sxt020', 2, '2020-07-10 11:23:52', '2020-07-16 16:48:57'),
(213, 17, '3sxt021', 2, '2020-07-10 11:24:02', '2020-07-16 16:48:57'),
(214, 17, '3sxt022', 2, '2020-07-10 11:24:10', '2020-07-16 16:48:57'),
(215, 17, '3sxt023', 2, '2020-07-10 11:24:18', '2020-07-16 16:48:57'),
(216, 17, '3sxt024', 2, '2020-07-10 11:24:28', '2020-07-16 16:48:57'),
(217, 17, '3sxt025', 2, '2020-07-10 11:24:36', '2020-07-16 16:48:57'),
(218, 17, '3sxt026', 2, '2020-07-10 11:24:45', '2020-07-16 16:48:57'),
(219, 17, '3sxt027', 2, '2020-07-10 11:24:53', '2020-07-16 16:48:57'),
(220, 17, '3sxt028', 2, '2020-07-10 11:25:13', '2020-07-16 16:48:57'),
(221, 17, '3sxt029', 2, '2020-07-10 11:25:20', '2020-07-16 16:48:57'),
(222, 17, '3sxt030', 2, '2020-07-10 11:25:29', '2020-07-16 16:48:57'),
(223, 17, '3sxt031', 2, '2020-07-10 11:25:47', '2020-07-16 16:48:57'),
(224, 17, '3sxt032', 2, '2020-07-10 11:25:55', '2020-07-16 16:48:57'),
(225, 17, '3sxt033', 2, '2020-07-10 11:26:03', '2020-07-16 16:48:57'),
(226, 17, '3sxt035', 1, '2020-07-10 11:26:11', '2020-07-15 14:22:26'),
(227, 17, '3sxt036', 1, '2020-07-10 11:26:18', '2020-07-10 11:26:18'),
(228, 17, '3sxt037', 1, '2020-07-10 11:26:25', '2020-07-10 11:26:25'),
(229, 17, '3sxt038', 1, '2020-07-10 11:27:48', '2020-07-10 11:27:48'),
(230, 17, '3sxt039', 2, '2020-07-10 11:27:58', '2020-07-16 16:48:57'),
(231, 17, '3sxt040', 2, '2020-07-10 11:28:11', '2020-07-16 16:48:57'),
(232, 17, '3sxt041', 1, '2020-07-10 11:28:17', '2020-07-15 14:23:59'),
(233, 17, '3sxt042', 2, '2020-07-10 11:28:24', '2020-07-16 16:48:57'),
(235, 18, '2111', 2, '2020-07-10 14:36:34', '2020-07-16 16:48:57'),
(236, 18, '2222', 2, '2020-07-10 14:36:59', '2020-07-16 16:48:57'),
(237, 18, '2333', 2, '2020-07-10 14:37:03', '2020-07-16 16:48:57'),
(238, 18, '2444', 2, '2020-07-10 14:37:09', '2020-07-16 16:48:57'),
(239, 18, '2555', 2, '2020-07-10 14:37:23', '2020-07-16 16:48:57'),
(240, 18, '2666', 2, '2020-07-10 14:37:28', '2020-07-16 16:48:57'),
(241, 18, '2777', 2, '2020-07-10 14:37:32', '2020-07-16 16:48:57'),
(242, 18, '2888', 2, '2020-07-10 14:37:35', '2020-07-16 16:48:57'),
(243, 18, '2999', 2, '2020-07-10 14:37:40', '2020-07-16 16:48:57'),
(244, 18, '2000', 2, '2020-07-10 14:37:50', '2020-07-16 16:48:57'),
(245, 18, '3111', 2, '2020-07-10 14:38:00', '2020-07-16 16:48:57'),
(246, 18, '3222', 2, '2020-07-10 14:38:03', '2020-07-16 16:48:57'),
(247, 18, '3333', 2, '2020-07-10 14:38:07', '2020-07-16 16:48:57'),
(248, 18, '3444', 2, '2020-07-10 14:38:11', '2020-07-16 16:48:57'),
(249, 18, '3555', 2, '2020-07-10 14:38:14', '2020-07-16 16:48:57'),
(250, 18, '3666', 2, '2020-07-10 14:38:20', '2020-07-16 16:48:57'),
(251, 18, '3777', 2, '2020-07-10 14:38:26', '2020-07-16 16:48:57'),
(252, 18, '3888', 2, '2020-07-10 14:38:49', '2020-07-16 16:48:57'),
(253, 18, '3999', 2, '2020-07-10 14:38:54', '2020-07-16 16:48:57'),
(254, 18, '3000', 2, '2020-07-10 14:38:59', '2020-07-16 16:48:57'),
(255, 18, '4111', 2, '2020-07-10 14:39:06', '2020-07-16 16:48:57'),
(256, 18, '4222', 2, '2020-07-10 14:39:11', '2020-07-16 16:48:57'),
(257, 18, '4333', 2, '2020-07-10 14:39:14', '2020-07-16 16:48:57'),
(258, 18, '4444', 2, '2020-07-10 14:39:18', '2020-07-16 16:48:57'),
(259, 18, '4555', 2, '2020-07-10 14:39:28', '2020-07-16 16:48:57'),
(260, 18, '4666', 2, '2020-07-10 14:39:38', '2020-07-16 16:48:57'),
(261, 18, '4777', 2, '2020-07-10 14:39:44', '2020-07-16 16:48:57'),
(262, 18, '4888', 2, '2020-07-10 14:39:56', '2020-07-16 16:48:57'),
(263, 18, '4999', 1, '2020-07-10 14:40:18', '2020-07-10 14:40:18'),
(264, 18, '4000', 1, '2020-07-10 14:40:25', '2020-07-10 14:40:25'),
(265, 18, '5111', 1, '2020-07-10 14:40:33', '2020-07-10 14:40:33'),
(266, 18, '5222', 1, '2020-07-10 14:40:37', '2020-07-10 14:40:37'),
(267, 18, '5333', 1, '2020-07-10 14:40:44', '2020-07-10 14:40:44'),
(268, 18, '5444', 1, '2020-07-10 14:40:54', '2020-07-10 14:40:54'),
(269, 16, '5lhg021', 1, '2020-07-10 14:42:22', '2020-07-10 14:42:22'),
(270, 16, '5lhg022', 1, '2020-07-10 14:42:27', '2020-07-10 14:42:27'),
(271, 30, '60MT001', 2, '2020-07-10 14:43:31', '2020-07-16 16:48:57'),
(272, 30, '60MT002', 2, '2020-07-10 14:43:39', '2020-07-16 16:48:57'),
(273, 31, '45MT001', 2, '2020-07-10 14:43:57', '2020-07-16 16:48:57'),
(274, 31, '45MT002', 2, '2020-07-10 14:44:04', '2020-07-16 16:48:57'),
(275, 32, 'sw5p001', 2, '2020-07-10 14:47:18', '2020-07-16 16:48:57'),
(276, 32, 'sw5p002', 1, '2020-07-10 14:47:24', '2020-07-10 14:47:24'),
(277, 32, 'sw5p003', 1, '2020-07-10 14:47:34', '2020-07-10 14:47:34'),
(278, 32, 'sw5p004', 1, '2020-07-10 14:47:39', '2020-07-10 14:47:39'),
(279, 32, 'sw5p005', 1, '2020-07-10 14:47:43', '2020-07-10 14:47:43'),
(280, 32, 'sw5p006', 1, '2020-07-10 14:47:49', '2020-07-10 14:47:49'),
(281, 31, '45MT003', 2, '2020-07-10 14:47:54', '2020-07-16 16:48:57'),
(282, 32, 'sw5p007', 1, '2020-07-10 14:47:56', '2020-07-10 14:47:56'),
(283, 32, 'sw5p008', 1, '2020-07-10 14:48:05', '2020-07-10 14:48:05'),
(284, 31, '45MT004', 2, '2020-07-10 14:48:06', '2020-07-16 16:48:57'),
(285, 31, '45MT005', 2, '2020-07-10 14:48:20', '2020-07-16 16:48:57'),
(286, 32, 'sw5p009', 1, '2020-07-10 14:48:45', '2020-07-10 14:48:45'),
(287, 33, 'DLINK001', 2, '2020-07-10 15:56:54', '2020-07-16 16:48:57'),
(288, 33, 'DLINK002', 2, '2020-07-10 15:57:02', '2020-07-16 16:48:57'),
(289, 34, 'TLINK001', 1, '2020-07-10 15:57:24', '2020-07-10 15:57:24'),
(290, 34, 'TLINK002', 1, '2020-07-10 16:02:46', '2020-07-10 16:02:46'),
(291, 19, 'sxem40016', 2, '2020-07-13 15:20:28', '2020-07-16 16:48:57'),
(292, 19, 'sxem4017', 1, '2020-07-13 15:20:41', '2020-07-13 15:20:41'),
(293, 19, 'sxem4018', 1, '2020-07-13 15:20:53', '2020-07-13 15:20:53'),
(294, 26, 'N301td0000', 2, '2020-07-15 12:11:25', '2020-07-16 16:48:57'),
(295, 33, 'Tw1B106041909', 2, '2020-07-16 15:02:46', '2020-07-16 16:48:57'),
(296, 33, 'TW1B106041917', 1, '2020-07-16 15:03:50', '2020-07-16 15:03:50'),
(297, 19, 'D4300CDP3163', 1, '2020-07-16 15:04:33', '2020-07-16 15:04:33'),
(298, 28, '220163900856', 1, '2020-07-16 15:06:02', '2020-07-16 15:06:02'),
(299, 19, 'D4300C4E18F6', 2, '2020-07-16 15:07:05', '2020-07-16 16:48:57'),
(300, 33, 'TW1B106041916', 1, '2020-07-16 15:08:01', '2020-07-16 15:08:01');

-- --------------------------------------------------------

--
-- Table structure for table `jenis_alat`
--

CREATE TABLE `jenis_alat` (
  `id` int(11) NOT NULL,
  `title` varchar(255) NOT NULL,
  `jumlah` int(11) DEFAULT NULL,
  `tipe` int(11) NOT NULL
) ENGINE=InnoDB DEFAULT CHARSET=latin1;

--
-- Dumping data for table `jenis_alat`
--

INSERT INTO `jenis_alat` (`id`, `title`, `jumlah`, `tipe`) VALUES
(9, 'tiang', 246, 2),
(10, 'kabel', 2350, 2),
(16, 'LHG 5 ', 0, 1),
(17, 'Sxtsq LV 3', 0, 1),
(18, 'Tp-Link wr840', 0, 1),
(19, 'Sxtsq LV 4', 10, 1),
(20, 'LHG 5 XL', 1, 1),
(21, 'LHG 5 XL AC', 1, 1),
(22, 'Omni Hyperlink 5,8', 1, 1),
(23, 'LDF 5', 10, 1),
(24, 'CPE 650', 3, 1),
(25, 'TP-LINK wr84', 20, 1),
(26, 'Tenda n301', 20, 1),
(27, 'RB 750 GR', 8, 1),
(28, 'Switch hub port 8', 10, 1),
(29, 'manbox 19 s', 0, 1),
(30, 'MATRIX 60CM', 2, 1),
(31, 'MATRIX 45 CM', 5, 1),
(32, 'Switch hub port 5', 0, 1),
(33, 'D-LINK 612 ', 1, 1),
(34, 'TOTOLINK N300RT', 1, 1);

-- --------------------------------------------------------

--
-- Table structure for table `laporan`
--

CREATE TABLE `laporan` (
  `id` int(11) NOT NULL,
  `user_id` int(11) NOT NULL,
  `ket` text NOT NULL,
  `created` datetime NOT NULL DEFAULT CURRENT_TIMESTAMP,
  `updated` datetime NOT NULL DEFAULT CURRENT_TIMESTAMP ON UPDATE CURRENT_TIMESTAMP
) ENGINE=InnoDB DEFAULT CHARSET=latin1;

--
-- Dumping data for table `laporan`
--

INSERT INTO `laporan` (`id`, `user_id`, `ket`, `created`, `updated`) VALUES
(6, 16, 'Pemasangan di rumah Ardati  Selesai.', '2020-07-11 16:07:10', '2020-07-11 16:07:10'),
(7, 16, 'Pemasangan di rumah Rotama Tofan Puri Selesai.', '2020-07-13 14:14:35', '2020-07-13 14:14:35'),
(8, 16, 'Mulai pemasangan di rumah yahya krisetya', '2020-07-13 14:16:43', '2020-07-13 14:16:43'),
(9, 16, 'Pemasangan di rumah yahya krisetya Selesai.', '2020-07-13 14:19:19', '2020-07-13 14:19:19'),
(10, 16, 'Mulai pemasangan di rumah darmawan yunia permana', '2020-07-13 14:21:00', '2020-07-13 14:21:00'),
(11, 16, 'Pemasangan di rumah darmawan yunia permana Selesai.', '2020-07-13 14:25:15', '2020-07-13 14:25:15'),
(12, 16, 'Mulai pemasangan di rumah supriyadi', '2020-07-13 14:26:24', '2020-07-13 14:26:24'),
(13, 16, 'Pemasangan di rumah supriyadi Selesai.', '2020-07-13 14:30:36', '2020-07-13 14:30:36'),
(14, 16, 'Mulai pemasangan di rumah yayan suriyan', '2020-07-13 14:31:34', '2020-07-13 14:31:34'),
(15, 16, 'Pemasangan di rumah yayan suriyan Selesai.', '2020-07-13 14:34:32', '2020-07-13 14:34:32'),
(16, 16, 'Pemasangan di rumah irfan puspito ardi Selesai.', '2020-07-13 14:36:45', '2020-07-13 14:36:45'),
(17, 16, 'Pemasangan di rumah Dedy Puri Selesai.', '2020-07-13 15:15:16', '2020-07-13 15:15:16'),
(18, 16, 'Mulai pemasangan di rumah ALI SAID', '2020-07-13 15:22:09', '2020-07-13 15:22:09'),
(19, 9, 'Mulai maintance di rumah Pak wo sukun', '2020-07-13 20:12:02', '2020-07-13 20:12:02'),
(20, 9, 'Maintance di rumah Pak wo sukun Belum selesai. Permasalahan : Bbbb', '2020-07-13 20:12:21', '2020-07-13 20:12:21'),
(21, 9, 'Maintance di rumah Pak wo sukun selesai.', '2020-07-13 20:16:28', '2020-07-13 20:16:28'),
(22, 9, 'Mulai maintance di rumah Pak wo sukun', '2020-07-13 20:18:18', '2020-07-13 20:18:18'),
(23, 9, 'Maintance di rumah Pak wo sukun Belum selesai. Permasalahan : 2222222', '2020-07-13 20:18:34', '2020-07-13 20:18:34'),
(24, 16, 'Pemasangan di rumah Bayan kutoharjo Selesai.', '2020-07-14 11:29:37', '2020-07-14 11:29:37'),
(25, 16, 'Pemasangan di rumah SURYANTO Selesai.', '2020-07-14 11:31:25', '2020-07-14 11:31:25'),
(26, 16, 'Pemasangan di rumah SUDARMONO Selesai.', '2020-07-14 11:33:23', '2020-07-14 11:33:23'),
(27, 16, 'Pemasangan di rumah PAK PUJI Selesai.', '2020-07-14 11:53:21', '2020-07-14 11:53:21'),
(28, 9, 'Mulai maintance di rumah Pak Rosyid', '2020-07-14 20:18:41', '2020-07-14 20:18:41'),
(29, 9, 'Maintance di rumah Pak Rosyid Belum selesai. Permasalahan : bbbbbbbbbbbbbbbb', '2020-07-14 20:18:52', '2020-07-14 20:18:52'),
(30, 16, 'Mulai pemasangan di rumah DENNY SOEGIARTO', '2020-07-15 11:18:42', '2020-07-15 11:18:42'),
(31, 16, 'Mulai pemasangan di rumah endang palupi', '2020-07-15 11:19:38', '2020-07-15 11:19:38'),
(32, 16, 'Mulai pemasangan di rumah yunita', '2020-07-15 11:21:01', '2020-07-15 11:21:01'),
(33, 16, 'Mulai pemasangan di rumah moh kurdi', '2020-07-15 11:23:00', '2020-07-15 11:23:00'),
(34, 16, 'Mulai pemasangan di rumah ZAENAL (GADUNGAN)', '2020-07-15 11:28:42', '2020-07-15 11:28:42'),
(35, 16, 'Mulai pemasangan di rumah DEDY', '2020-07-15 11:29:27', '2020-07-15 11:29:27'),
(36, 16, 'Mulai pemasangan di rumah medi supriyanto', '2020-07-15 11:30:17', '2020-07-15 11:30:17'),
(37, 16, 'Mulai pemasangan di rumah nur cahya', '2020-07-15 11:37:32', '2020-07-15 11:37:32'),
(38, 16, 'Mulai pemasangan di rumah nurul', '2020-07-15 11:45:42', '2020-07-15 11:45:42'),
(39, 16, 'Mulai pemasangan di rumah sri lestari', '2020-07-15 11:58:23', '2020-07-15 11:58:23'),
(40, 16, 'Mulai pemasangan di rumah SUKAHAR', '2020-07-15 12:14:43', '2020-07-15 12:14:43'),
(41, 16, 'Mulai pemasangan di rumah selamet', '2020-07-15 12:16:40', '2020-07-15 12:16:40'),
(42, 16, 'Pemasangan di rumah SITI (MULYOHARJO SUKUN) Selesai.', '2020-07-15 13:49:31', '2020-07-15 13:49:31'),
(43, 16, 'Pemasangan di rumah endang palupi Selesai.', '2020-07-15 13:59:25', '2020-07-15 13:59:25'),
(44, 16, 'Mulai pemasangan di rumah ANIK SUSILANINGSIH', '2020-07-15 14:00:29', '2020-07-15 14:00:29'),
(45, 16, 'Mulai pemasangan di rumah suhari', '2020-07-15 14:01:16', '2020-07-15 14:01:16'),
(46, 16, 'Mulai pemasangan di rumah diah kusmiati', '2020-07-15 14:10:43', '2020-07-15 14:10:43'),
(47, 16, 'Mulai pemasangan di rumah HADI KUSMANTO', '2020-07-15 14:11:55', '2020-07-15 14:11:55'),
(48, 16, 'Mulai pemasangan di rumah RUDI (TUTUT)', '2020-07-15 14:13:04', '2020-07-15 14:13:04'),
(49, 16, 'Mulai pemasangan di rumah HERI', '2020-07-15 14:13:45', '2020-07-15 14:13:45'),
(50, 16, 'Mulai pemasangan di rumah WIWIK SUDARNO', '2020-07-15 14:18:00', '2020-07-15 14:18:00'),
(51, 16, 'Mulai pemasangan di rumah BASUKI ( WARUNG)', '2020-07-15 14:19:18', '2020-07-15 14:19:18'),
(52, 16, 'Mulai pemasangan di rumah LULUK', '2020-07-15 14:21:26', '2020-07-15 14:21:26'),
(53, 9, 'Mulai maintance di rumah Ita', '2020-07-15 15:52:23', '2020-07-15 15:52:23'),
(54, 9, 'Maintance di rumah Ita Belum selesai. Permasalahan : bbbbbb', '2020-07-15 15:53:26', '2020-07-15 15:53:26'),
(55, 9, 'Mulai maintance di rumah Pak Rosyid', '2020-07-15 16:47:23', '2020-07-15 16:47:23'),
(56, 9, 'Maintance di rumah Pak Rosyid Belum selesai. Permasalahan : nb kmbn k,', '2020-07-15 16:47:33', '2020-07-15 16:47:33'),
(57, 9, 'Maintance di rumah Pak Rosyid selesai.', '2020-07-15 16:48:00', '2020-07-15 16:48:00'),
(58, 16, 'Pemasangan di rumah medi supriyanto Selesai.', '2020-07-16 12:33:00', '2020-07-16 12:33:00'),
(59, 16, 'Pemasangan di rumah ANIK SUSILANINGSIH Selesai.', '2020-07-16 12:35:50', '2020-07-16 12:35:50'),
(60, 16, 'Pemasangan di rumah suhari Selesai.', '2020-07-16 13:22:54', '2020-07-16 13:22:54'),
(61, 16, 'Pemasangan di rumah ALI SAID Selesai.', '2020-07-16 13:27:06', '2020-07-16 13:27:06'),
(62, 16, 'Pemasangan di rumah DEDY Selesai.', '2020-07-16 13:30:48', '2020-07-16 13:30:48'),
(63, 21, 'Mulai pemasangan di rumah Andi cahyo', '2020-07-16 15:14:53', '2020-07-16 15:14:53'),
(64, 21, 'Pemasangan di rumah Andi cahyo Selesai.', '2020-07-16 15:18:14', '2020-07-16 15:18:14'),
(65, 18, 'Mulai pemasangan di rumah Marni / yono', '2020-07-16 16:48:57', '2020-07-16 16:48:57'),
(66, 18, 'Pemasangan di rumah Marni / yono Selesai.', '2020-07-16 16:54:01', '2020-07-16 16:54:01');

-- --------------------------------------------------------

--
-- Table structure for table `maintance`
--

CREATE TABLE `maintance` (
  `id` int(11) NOT NULL,
  `pelanggan_id` int(11) NOT NULL,
  `user_id` int(11) NOT NULL,
  `keluhan` text NOT NULL,
  `solusi` text NOT NULL,
  `alasan` text NOT NULL,
  `status` int(11) NOT NULL,
  `created` datetime NOT NULL DEFAULT CURRENT_TIMESTAMP,
  `updated` datetime NOT NULL DEFAULT CURRENT_TIMESTAMP ON UPDATE CURRENT_TIMESTAMP
) ENGINE=InnoDB DEFAULT CHARSET=latin1;

--
-- Dumping data for table `maintance`
--

INSERT INTO `maintance` (`id`, `pelanggan_id`, `user_id`, `keluhan`, `solusi`, `alasan`, `status`, `created`, `updated`) VALUES
(5, 10, 9, 'bmkbnmk', '.;m;.,,', '', 4, '2020-07-15 16:46:03', '2020-07-15 16:48:00');

-- --------------------------------------------------------

--
-- Table structure for table `pelanggan`
--

CREATE TABLE `pelanggan` (
  `id` int(11) NOT NULL,
  `user_id` int(11) NOT NULL,
  `nama` varchar(255) NOT NULL,
  `no_tlp` varchar(13) NOT NULL,
  `prov` varchar(255) NOT NULL,
  `kab` varchar(255) NOT NULL,
  `kec` varchar(225) NOT NULL,
  `desa` varchar(255) NOT NULL,
  `prov_id` int(11) NOT NULL,
  `kab_id` int(11) NOT NULL,
  `kec_id` int(11) NOT NULL,
  `desa_id` char(11) CHARACTER SET utf8 COLLATE utf8_unicode_ci NOT NULL,
  `kordinat` text NOT NULL,
  `alamat` text NOT NULL,
  `alat_biaya` int(11) NOT NULL,
  `nik` varchar(255) NOT NULL,
  `kk` varchar(255) NOT NULL,
  `pekerjaan` varchar(255) NOT NULL,
  `foto_pelanggan` varchar(255) NOT NULL,
  `foto_rumah` varchar(255) NOT NULL,
  `no_pelanggan` varchar(255) NOT NULL,
  `active` tinyint(4) NOT NULL,
  `created` datetime NOT NULL DEFAULT CURRENT_TIMESTAMP,
  `updated` datetime NOT NULL DEFAULT CURRENT_TIMESTAMP ON UPDATE CURRENT_TIMESTAMP
) ENGINE=InnoDB DEFAULT CHARSET=latin1;

--
-- Dumping data for table `pelanggan`
--

INSERT INTO `pelanggan` (`id`, `user_id`, `nama`, `no_tlp`, `prov`, `kab`, `kec`, `desa`, `prov_id`, `kab_id`, `kec_id`, `desa_id`, `kordinat`, `alamat`, `alat_biaya`, `nik`, `kk`, `pekerjaan`, `foto_pelanggan`, `foto_rumah`, `no_pelanggan`, `active`, `created`, `updated`) VALUES
(10, 16, 'Pak Rosyid', '08', 'JAWA TENGAH', 'KABUPATEN PATI', 'WINONG', 'WINONG', 33, 3318, 3318040, '3318040018', '-6.809279,111.099546', '-', 3360000, '1212', '2121', 'polisi', 'pelanggan-1212.jpeg', 'rumah-1212.jpeg', '139', 3, '2020-07-08 09:37:30', '2020-07-13 16:13:21'),
(11, 9, 'Pak wo sukun', '081', 'JAWA TENGAH', 'KABUPATEN PATI', 'PATI', 'MULYOHARJO', 33, 3318, 3318100, '3318100024', '098', 'SUKUN', 0, '089', '890', 'pemdes', 'pelanggan-089.jpeg', 'rumah-089.jpeg', '123', 3, '2020-07-08 09:37:30', '2020-07-13 16:20:53'),
(12, 16, 'Ardati ', '085726778865', 'JAWA TENGAH', 'KABUPATEN PATI', 'PATI', 'PURI', 33, 3318, 3318100, '3318100009', '-', '-', 0, '3318105807750004', '3318102410070051', 'PERANGKAT DESA', 'pelanggan-3318105807750004.jpeg', '', '02', 3, '2020-07-08 09:37:30', '2020-07-13 16:11:09'),
(13, 16, 'Iriyanto', '081228240141', 'JAWA TENGAH', 'KABUPATEN PATI', 'PATI', 'PURI', 33, 3318, 3318100, '3318100009', '-', '-', 0, '-', '-', '-', '-', '-', '-', 2, '2020-07-08 09:37:30', '2020-07-13 16:11:09'),
(14, 16, 'Dedy Puri', '6282227722619', 'JAWA TENGAH', 'KABUPATEN PATI', 'PATI', 'PURI', 33, 3318, 3318100, '3318100009', '-6.747824,111.025160', '-', 0, '3318101804850019', '3318101702090004', 'PERANGKAT DESA', 'pelanggan-3318101804850019.jpeg', '-', '03', 3, '2020-07-08 09:37:30', '2020-07-13 16:11:09'),
(15, 16, 'Zaenal Arip', '85700029093', 'JAWA TENGAH', 'KABUPATEN PATI', 'PATI', 'MULYOHARJO', 33, 3318, 3318100, '3318100024', '-6.7179609, 111.0394799', 'SUKUN', 0, '3318102110900004', '3318100408150013', 'KARYAWAN SWASTA', 'pelanggan-3318102110900004.jpeg', 'rumah-3318102110900004.jpeg', '8', 3, '2020-07-08 09:37:30', '2020-07-13 16:19:28'),
(16, 16, 'Rotama Tofan Puri', '085327742773', 'JAWA TENGAH', 'KABUPATEN PATI', 'PATI', 'PURI', 33, 3318, 3318100, '3318100009', '0', '-', 0, '3318102901840001', '3318101709120009', 'PERANGKAT DESA', '-', '-', '07', 3, '2020-07-08 09:37:30', '2020-07-13 16:11:09'),
(17, 9, 'PAK ROSIT', '1234', 'JAWA TENGAH', 'KABUPATEN PATI', 'WINONG', 'WINONG', 33, 3318, 3318040, '3318040018', '-', '-', 3360000, '-', '-', '-', '-', '-', '-', 4, '2020-07-08 09:37:30', '2020-07-13 16:13:21'),
(18, 16, 'Imam Suroso sukun', '085213156406', 'JAWA TENGAH', 'KABUPATEN PATI', 'PATI', 'MULYOHARJO', 33, 3318, 3318100, '3318100024', '-', 'SUKUN', 0, '-', '-', '-', '-', '-', '-', 2, '2020-07-08 09:37:30', '2020-07-13 16:19:28'),
(19, 16, 'Sumanto sukun', '85225278596', 'JAWA TENGAH', 'KABUPATEN PATI', 'PATI', 'MULYOHARJO', 33, 3318, 3318100, '3318100024', '-', '-', 0, '-', '-', '-', '-', '-', '-', 2, '2020-07-08 09:37:30', '2020-07-13 16:33:03'),
(20, 16, 'Bandi sukun', '081390482818', 'JAWA TENGAH', 'KABUPATEN PATI', 'PATI', 'MULYOHARJO', 33, 3318, 3318100, '3318100024', '-6.7186871, 111.0409011', '-', 0, '3318101604730001', '3318101707054434', 'PERANGKAT DESA', 'pelanggan-3318101604730001.jpeg', 'rumah-3318101604730001.jpeg', '13', 3, '2020-07-08 09:37:30', '2020-07-13 16:33:03'),
(21, 16, 'Dardi sukun', '081325301726', 'JAWA TENGAH', 'KABUPATEN PATI', 'PATI', 'MULYOHARJO', 33, 3318, 3318100, '3318100024', '-', '-', 0, '-', '-', '-', '-', '-', '-', 2, '2020-07-08 09:37:30', '2020-07-13 16:33:03'),
(22, 16, 'Sunaryo sukun', '081215992917', 'JAWA TENGAH', 'KABUPATEN PATI', 'PATI', 'MULYOHARJO', 33, 3318, 3318100, '3318100024', '-6.7183642, 111.0390759', 'SUKUN', 0, '3318101603690001', '3318101809070018', 'BURUH TANI/PERKEBUNAN', 'pelanggan-3318101603690001.jpeg', 'rumah-3318101603690001.jpeg', '015', 3, '2020-07-08 09:37:30', '2020-07-13 16:19:28'),
(23, 9, 'IBU ANTOK', '081', 'JAWA TENGAH', 'KABUPATEN PATI', 'PATI', 'SIDOKERTO', 33, 3318, 3318100, '3318100023', '-6.739276,111.036083', '-', 0, '33181421109850002', '3318101205170001', 'PNS', 'pelanggan-33181421109850002.jpeg', '-', '103', 3, '2020-07-08 09:37:30', '2020-07-13 16:47:40'),
(24, 16, 'ANDRY WAHYU', '082237919090', 'JAWA TENGAH', 'KABUPATEN PATI', 'PATI', 'MULYOHARJO', 33, 3318, 3318100, '3318100024', '-', 'SUKUN', 0, '-', '-', '-', '-', '-', '-', 2, '2020-07-08 15:19:27', '2020-07-13 16:19:28'),
(25, 16, 'sutarni', '082329581783', 'JAWA TENGAH', 'KABUPATEN PATI', 'PATI', 'MULYOHARJO', 33, 3318, 3318100, '3318100024', '-6.719073,111.040908', 'SUKUN', 0, '2218106111830003', '331820803120003', 'karyawan swasta', 'pelanggan-2218106111830003.jpeg', 'rumah-2218106111830003.jpeg', '18', 3, '2020-07-08 15:33:46', '2020-07-13 16:19:28'),
(26, 16, 'Rusmanto/leman', '0821433116227', 'JAWA TENGAH', 'KABUPATEN PATI', 'PATI', 'MULYOHARJO', 33, 3318, 3318100, '3318100024', '-', 'SUKUN', 0, '-', '-', '-', '-', '-', '-', 2, '2020-07-08 15:34:43', '2020-07-13 16:19:28'),
(27, 16, 'Edy sutopo', '085741550693', 'JAWA TENGAH', 'KABUPATEN PATI', 'PATI', 'MULYOHARJO', 33, 3318, 3318100, '3318100024', '-', 'SUKUN', 0, '-', '-', '-', '-', '-', '-', 2, '2020-07-08 15:35:28', '2020-07-13 16:19:28'),
(28, 16, 'Arif modin', '082237919090', 'JAWA TENGAH', 'KABUPATEN PATI', 'PATI', 'MULYOHARJO', 33, 3318, 3318100, '3318100024', '-6.7183139, 111.0387651', 'SUKUN', 0, '3318101012650008', '3318100105090010', 'PERANGKAT DESA', 'pelanggan-3318101012650008.jpeg', 'rumah-3318101012650008.jpeg', '21', 3, '2020-07-08 15:36:18', '2020-07-13 16:19:28'),
(29, 16, 'Agung', '085326294224', 'JAWA TENGAH', 'KABUPATEN PATI', 'PATI', 'MULYOHARJO', 33, 3318, 3318100, '3318100024', '-', 'SUKUN', 0, '-', '-', '-', '-', '-', '-', 2, '2020-07-08 15:36:57', '2020-07-13 16:19:28'),
(30, 16, 'Ita', '085923264825', 'JAWA TENGAH', 'KABUPATEN PATI', 'PATI', 'MULYOHARJO', 33, 3318, 3318100, '3318100024', '-6.718629,111.040621', 'SUKUN', 0, '3318104311870007', '3318100207140002', 'MENGURUS RUMAH TANGGA', '-', '-', '23', 3, '2020-07-08 15:37:38', '2020-07-13 16:19:28'),
(31, 16, 'Sudarko', '085325329154', 'JAWA TENGAH', 'KABUPATEN PATI', 'PATI', 'PURI', 33, 3318, 3318100, '3318100009', '-', '-', 0, '-', '-', '-', '-', '-', '-', 2, '2020-07-08 15:38:27', '2020-07-13 16:11:09'),
(32, 16, 'Bangkit', '085328511011', 'JAWA TENGAH', 'KABUPATEN PATI', 'PATI', 'WINONG', 33, 3318, 3318100, '3318040018', '-', '-', 0, '-', '-', '-', '-', '-', '-', 2, '2020-07-08 15:39:13', '2020-07-13 16:13:21'),
(33, 16, 'Winda', '085290206869', 'JAWA TENGAH', 'KABUPATEN PATI', 'PATI', 'NGARUS', 33, 3318, 3318100, '3318100011', '-', '-', 0, '-', '-', '-', '-', '-', '-', 2, '2020-07-08 15:39:52', '2020-07-13 16:24:05'),
(34, 16, 'Jumiati', '082329667140', 'JAWA TENGAH', 'KABUPATEN PATI', 'PATI', 'MULYOHARJO', 33, 3318, 3318100, '3318100024', '-', 'SUKUN', 0, '-', '-', '-', '-', '-', '-', 2, '2020-07-08 15:40:30', '2020-07-13 16:19:28'),
(35, 16, 'Tya', '08522544834', 'JAWA TENGAH', 'KABUPATEN PATI', 'PATI', 'MULYOHARJO', 33, 3318, 3318100, '3318100024', '-6.718095,111.041034', 'SUKUN', 0, '3318105703910002', '3318101807080006', 'WIRASWASTA', '-', 'rumah-3318105703910002.jpeg', '28', 2, '2020-07-08 15:41:18', '2020-07-13 16:19:28'),
(36, 16, 'Sutini', '082329581783', 'JAWA TENGAH', 'KABUPATEN PATI', 'PATI', 'PURI', 33, 3318, 3318100, '3318100009', '0', '-', 0, '3318105701960002', '331810301080016', 'GURU', '-', '-', '29', 3, '2020-07-08 15:41:56', '2020-07-13 16:11:09'),
(37, 16, 'Vegita ', '081805760445', 'JAWA TENGAH', 'KABUPATEN PATI', 'MARGOREJO', 'SUKOHARJO', 33, 3318, 3318120, '3318120011', '-6.748155,111.000662', 'JAGAN', 0, '3318104406980001', '0', 'karyawan swasta', 'pelanggan-3318104406980001.jpeg', '-', '30', 3, '2020-07-08 21:31:13', '2020-07-13 16:26:12'),
(38, 9, 'RUSMINI', '082325393313', 'JAWA TENGAH', 'KABUPATEN PATI', 'PATI', 'MULYOHARJO', 33, 3318, 3318100, '3318100024', '-6.717182,111.037667', 'SUKUN', 0, '3318105505790014', '0', 'karyawan swasta', 'pelanggan-3318105505790014.jpeg', 'rumah-3318105505790014.jpeg', '34', 3, '2020-07-09 09:49:20', '2020-07-13 16:19:28'),
(39, 16, 'SUWARNO', '085222790567', 'JAWA TENGAH', 'KABUPATEN PATI', 'PATI', 'MULYOHARJO', 33, 3318, 3318100, '3318100024', '-', 'SUKUN', 0, '-', '-', '-', '-', '-', '-', 2, '2020-07-09 09:50:01', '2020-07-13 16:19:28'),
(40, 16, 'MARIYONO', '081326532417', 'JAWA TENGAH', 'KABUPATEN PATI', 'PATI', 'MULYOHARJO', 33, 3318, 3318100, '3318100024', '-6.717831,111.038994', 'SUKUN', 0, '3318102909770009', '3318103006090008', 'WIRASWASTA', '', '', '39', 0, '2020-07-09 09:50:49', '2020-07-13 16:19:28'),
(41, 16, 'SULIYANI', '085329508490', 'JAWA TENGAH', 'KABUPATEN PATI', 'PATI', 'MULYOHARJO', 33, 3318, 3318100, '3318100024', '-6.7182749, 111.0374960', 'SUKUN', 0, '3318102607800006', '3318101804080023', 'MENGURUS RUMAH TANGGA', 'pelanggan-3318102607800006.jpeg', 'rumah-3318102607800006.jpeg', '40', 3, '2020-07-09 09:51:25', '2020-07-13 16:19:28'),
(42, 16, 'SAHRUL', '08339924175', 'JAWA TENGAH', 'KABUPATEN PATI', 'PATI', 'MULYOHARJO', 33, 3318, 3318100, '3318100024', '-6.7178191, 111.0396180', 'SUKUN', 0, '3318102710990003', '3318101103200010', 'WIRASWASTA', 'pelanggan-3318102710990003.jpeg', 'rumah-3318102710990003.jpeg', '41', 3, '2020-07-09 09:52:00', '2020-07-13 16:19:28'),
(43, 16, 'DIDIK', '081390772975', 'JAWA TENGAH', 'KABUPATEN PATI', 'PATI', 'MULYOHARJO', 33, 3318, 3318100, '3318100024', '-6.717117,111.042907', 'SUKUN', 0, '3318191209710007', '0', 'karyawan swasta', 'pelanggan-3318191209710007.jpeg', '-', '42', 3, '2020-07-09 09:52:39', '2020-07-13 16:19:28'),
(44, 16, 'PURNOMO', '085201054034', 'JAWA TENGAH', 'KABUPATEN PATI', 'PATI', 'MULYOHARJO', 33, 3318, 3318100, '3318100024', '-', 'SUKUN', 0, '-', '-', '-', '-', '-', '-', 2, '2020-07-09 09:53:40', '2020-07-13 16:19:28'),
(45, 16, 'IMAM (Penjol)', '08176348805', 'JAWA TENGAH', 'KABUPATEN PATI', 'PATI', 'MULYOHARJO', 33, 3318, 3318100, '3318100024', '-', 'SUKUN', 0, '-', '-', '-', '-', '-', '-', 2, '2020-07-09 09:54:19', '2020-07-13 16:19:28'),
(46, 16, 'HARIYANTO', '081280976981', 'JAWA TENGAH', 'KABUPATEN PATI', 'PATI', 'MULYOHARJO', 33, 3318, 3318100, '3318100024', '-', 'SUKUN', 0, '-', '-', '-', '-', '-', '-', 2, '2020-07-09 09:54:58', '2020-07-13 16:19:28'),
(47, 16, 'Bayan kutoharjo', '047', 'JAWA TENGAH', 'KABUPATEN PATI', 'PATI', 'KUTOHARJO', 33, 3318, 3318100, '3318100022', '-6.741654,111.049546', '-', 0, '3318104407730011', '0', 'perangkat desa', '-', '-', '47', 3, '2020-07-09 09:57:48', '2020-07-14 11:29:37'),
(48, 16, 'op semampir', '048', 'JAWA TENGAH', 'KABUPATEN PATI', 'PATI', 'SEMAMPIR', 33, 3318, 3318100, '3318100004', '-', '-', 0, '-', '-', '-', '-', '-', '-', 2, '2020-07-09 09:58:18', '2020-07-13 16:29:29'),
(49, 16, 'SUKARDI', '085233283250', 'JAWA TENGAH', 'KABUPATEN PATI', 'PATI', 'MULYOHARJO', 33, 3318, 3318100, '3318100024', '-6.7180149, 111.0391771', 'SUKUN', 0, '3318101801650002', '3318101707054393', 'PEGAWAI NEGRI SIPIL', 'pelanggan-3318101801650002.jpeg', 'rumah-3318101801650002.jpeg', '49', 3, '2020-07-09 09:59:06', '2020-07-13 16:19:28'),
(50, 16, 'OP BUMIHARJO', '081328515048', 'JAWA TENGAH', 'KABUPATEN PATI', 'WINONG', 'BUMIHARJO', 33, 3318, 3318040, '3318040020', '-', '-', 0, '-', '-', '-', '-', '-', '-', 2, '2020-07-09 10:00:22', '2020-07-13 16:35:03'),
(51, 16, 'SUDARMONO', '082328901622', 'JAWA TENGAH', 'KABUPATEN PATI', 'PATI', 'MULYOHARJO', 33, 3318, 3318100, '3318100024', '-6.717346,111.039006', 'SUKUN', 0, '331810200890006', '0', 'karyawan swasta', '-', '-', '54', 3, '2020-07-09 10:01:13', '2020-07-14 11:33:23'),
(52, 16, 'UNTUNG KUSMANTO', '081250312004', 'JAWA TENGAH', 'KABUPATEN PATI', 'MARGOREJO', 'SUKOHARJO', 33, 3318, 3318120, '3318120011', '-', 'JAGAN', 0, '-', '-', '-', '-', '-', '-', 2, '2020-07-09 10:02:35', '2020-07-13 16:26:12'),
(53, 16, 'BAMBANG', '08214070472', 'JAWA TENGAH', 'KABUPATEN PATI', 'MARGOREJO', 'SUKOHARJO', 33, 3318, 3318120, '3318120011', '-', 'JAGAN', 0, '-', '-', '-', '-', '-', '-', 2, '2020-07-09 10:04:46', '2020-07-13 16:26:12'),
(54, 20, 'YANTO', '082134630424', 'JAWA TENGAH', 'KABUPATEN PATI', 'PATI', 'MULYOHARJO', 33, 3318, 3318100, '3318100024', '-', '-', 0, '-', '-', '-', '-', '-', '-', 2, '2020-07-09 10:21:49', '2020-07-13 16:33:03'),
(55, 20, 'SUMIYATUN', '082237639820', 'JAWA TENGAH', 'KABUPATEN PATI', 'MARGOREJO', 'SUKOHARJO', 33, 3318, 3318120, '3318120011', '-', '-', 0, '-', '-', '-', '-', '-', '-', 2, '2020-07-09 10:23:36', '2020-07-13 16:36:19'),
(56, 20, 'KHOIRUN', '085290297088', 'JAWA TENGAH', 'KABUPATEN PATI', 'PATI', 'MULYOHARJO', 33, 3318, 3318100, '3318100024', '-', '-', 0, '-', '-', '-', '-', '-', '-', 2, '2020-07-09 10:24:42', '2020-07-13 16:33:03'),
(57, 20, 'SYUKUR', '082313084711', 'JAWA TENGAH', 'KABUPATEN PATI', 'PATI', 'MULYOHARJO', 33, 3318, 3318100, '3318100024', '-', '-', 0, '-', '-', '-', '-', '-', '-', 2, '2020-07-09 10:25:25', '2020-07-13 16:33:03'),
(58, 20, 'YULIANTO', '082133681803', 'JAWA TENGAH', 'KABUPATEN PATI', 'PATI', 'MULYOHARJO', 33, 3318, 3318100, '3318100024', '-', '-', 0, '-', '-', '-', '-', '-', '-', 2, '2020-07-09 10:26:06', '2020-07-13 16:33:03'),
(59, 20, 'YOHAN', '085227444734', 'JAWA TENGAH', 'KABUPATEN PATI', 'MARGOREJO', 'SUKOHARJO', 33, 3318, 3318120, '3318120011', '-', '-', 0, '-', '-', '-', '-', '-', '-', 2, '2020-07-09 10:27:14', '2020-07-13 16:36:19'),
(60, 16, 'SUMADI DOYOK', '081328828992', 'JAWA TENGAH', 'KABUPATEN PATI', 'PATI', 'MULYOHARJO', 33, 3318, 3318100, '3318100024', '-6.7174921, 111.0392100', '-', 0, '3318102401820004', '3318102511110011', 'WIRASWASTA', 'pelanggan-3318102401820004.jpeg', 'rumah-3318102401820004.jpeg', '67', 3, '2020-07-09 10:28:16', '2020-07-13 16:33:03'),
(61, 20, 'ANA', '085740827373', 'JAWA TENGAH', 'KABUPATEN PATI', 'PATI', 'MULYOHARJO', 33, 3318, 3318100, '3318100024', '-', '-', 0, '-', '-', '-', '-', '-', '-', 2, '2020-07-09 10:32:57', '2020-07-13 16:33:03'),
(62, 20, 'AMIN', '085640476182', 'JAWA TENGAH', 'KABUPATEN PATI', 'PATI', 'MULYOHARJO', 33, 3318, 3318100, '3318100024', '-', '-', 0, '-', '-', '-', '-', '-', '-', 2, '2020-07-09 10:34:49', '2020-07-13 16:33:03'),
(63, 20, 'ARIS', '085290034555', 'JAWA TENGAH', 'KABUPATEN PATI', 'PATI', 'MULYOHARJO', 33, 3318, 3318100, '3318100024', '-', '-', 0, '-', '-', '-', '-', '-', '-', 2, '2020-07-09 10:36:05', '2020-07-13 16:33:03'),
(64, 20, 'SUPARHADI', '08156542255', 'JAWA TENGAH', 'KABUPATEN PATI', 'MARGOREJO', 'BADEGAN', 33, 3318, 3318120, '3318120012', '-', '-', 0, '-', '-', '-', '-', '-', '-', 2, '2020-07-09 10:41:43', '2020-07-13 16:38:55'),
(65, 20, 'SURYANTO', '082333144420', 'JAWA TENGAH', 'KABUPATEN PATI', 'TLOGOWUNGU', 'WONOREJO', 33, 3318, 3318140, '3318140006', '0', '-', 0, '3318101807950001', '0', 'karyawan swasta', '-', '-', '77', 3, '2020-07-09 11:09:19', '2020-07-14 11:31:25'),
(66, 20, 'AJIK', '082134960331', 'JAWA TENGAH', 'KABUPATEN PATI', 'PATI', 'SIDOKERTO', 33, 3318, 3318100, '3318100023', '-', '-', 0, '-', '-', '-', '-', '-', '-', 2, '2020-07-09 11:20:30', '2020-07-13 16:47:40'),
(67, 19, 'masluri', '0816663507', 'JAWA TENGAH', 'KABUPATEN PATI', 'PATI', 'KUTOHARJO', 33, 3318, 3318100, '3318100022', '-', 'GEMBLEB', 1000000, '-', '-', '-', '-', '-', '-', 2, '2020-07-09 12:57:03', '2020-07-13 17:47:59'),
(68, 21, 'YURI', '234', 'JAWA TENGAH', 'KABUPATEN PATI', 'PATI', 'TAMBAHARJO', 33, 3318, 3318100, '3318100025', '-', 'GADUNGAN', 0, '-', '-', '-', '-', '-', '-', 2, '2020-07-09 12:59:26', '2020-07-13 16:49:53'),
(69, 19, 'ernawati', '085725514764', 'JAWA TENGAH', 'KABUPATEN PATI', 'PATI', 'BLARU', 33, 3318, 3318100, '3318100006', '-', '-', 1800000, '-', '-', '-', '-', '-', '-', 2, '2020-07-09 13:00:42', '2020-07-13 16:51:13'),
(70, 21, 'HERU NURFIQ', '81290094113', 'JAWA TENGAH', 'KABUPATEN PATI', 'PATI', 'TAMBAHARJO', 33, 3318, 3318100, '3318100025', '-', 'GADUNGAN', 0, '-', '-', '-', '-', '-', '-', 2, '2020-07-09 13:00:55', '2020-07-13 16:49:53'),
(71, 21, 'WULAN LAUNDRY', '81391879974', 'JAWA TENGAH', 'KABUPATEN PATI', 'PATI', 'MULYOHARJO', 33, 3318, 3318100, '3318100024', '-', '-', 0, '-', '-', '-', '-', '-', '-', 2, '2020-07-09 13:01:55', '2020-07-13 16:33:03'),
(72, 19, 'yeni', '8', 'JAWA TENGAH', 'KABUPATEN PATI', 'PATI', 'SIDOKERTO', 33, 3318, 3318100, '3318100023', '-', '-', 300, '-', '-', '-', '-', '-', '-', 2, '2020-07-09 13:02:02', '2020-07-13 16:47:40'),
(73, 21, 'PAK GITO RANDUKUNING', '82328919551', 'JAWA TENGAH', 'KABUPATEN PATI', 'PATI', 'PATI LOR', 33, 3318, 3318100, '3318100012', '-', 'RANDUKUNING', 0, '-', '-', '-', '-', '-', '-', 2, '2020-07-09 13:02:56', '2020-07-13 17:45:03'),
(74, 9, 'aa', '90', 'JAWA TENGAH', 'KABUPATEN PATI', 'BATANGAN', 'RACI', 33, 3318, 3318070, '3318070010', '11', '-', 21, '-', '-', '-', '-', '-', '-', 4, '2020-07-09 13:03:25', '2020-07-13 17:17:28'),
(75, 21, 'ERNA GADUNGAN (DARMINI)', '234', 'JAWA TENGAH', 'KABUPATEN PATI', 'PATI', 'TAMBAHARJO', 33, 3318, 3318100, '3318100025', '-', 'GADUNGAN', 0, '-', '-', '-', '-', '-', '-', 2, '2020-07-09 13:04:19', '2020-07-13 16:49:53'),
(76, 21, 'RINA GADUNGAN ( HARSONO)', '81219318377', 'JAWA TENGAH', 'KABUPATEN PATI', 'PATI', 'TAMBAHARJO', 33, 3318, 3318100, '3318100025', '-', 'GADUNGAN', 0, '-', '-', '-', '-', '-', '-', 2, '2020-07-09 13:05:12', '2020-07-13 16:49:53'),
(77, 19, 'ulinuha', '081328342460', 'JAWA TENGAH', 'KABUPATEN PATI', 'PATI', 'MULYOHARJO', 33, 3318, 3318100, '3318100024', '-', 'SUKUN', 0, '-', '-', '-', '-', '-', '-', 2, '2020-07-09 13:05:16', '2020-07-13 16:55:45'),
(78, 21, 'PAK PUJI', '234', 'JAWA TENGAH', 'KABUPATEN PATI', 'PATI', '-', 33, 3318, 3318100, '0', '0', 'PERUM JOYO', 0, '3318100506730006', '0', 'karyawan swasta', '-', '-', '91', 3, '2020-07-09 13:05:48', '2020-07-14 11:53:21'),
(79, 19, 'diah kusmiati', '8', 'JAWA TENGAH', 'KABUPATEN PATI', 'PATI', 'PAYANG', 33, 3318, 3318100, '3318100021', '-', '-', 0, '-', '-', '-', '-', '-', '-', 2, '2020-07-09 13:06:11', '2020-07-15 14:10:43'),
(80, 21, 'PAK MUNURUNG RW', '092329722361', 'JAWA TENGAH', 'KABUPATEN PATI', 'PATI', 'PATI LOR', 33, 3318, 3318100, '3318100012', '-', 'RANDUKUNING', 0, '-', '-', '-', '-', '-', '-', 2, '2020-07-09 13:06:42', '2020-07-13 17:45:03'),
(81, 19, 'bu anto', '085290318810', 'JAWA TENGAH', 'KABUPATEN PATI', 'PATI', 'PATI LOR', 33, 3318, 3318100, '3318100012', '-', 'RANDUKUNING', 0, '-', '-', '-', '-', '-', '-', 2, '2020-07-09 13:07:01', '2020-07-13 17:45:03'),
(82, 21, 'SITI (MULYOHARJO SUKUN)', '234', 'JAWA TENGAH', 'KABUPATEN PATI', 'PATI', 'MULYOHARJO', 33, 3318, 3318100, '3318100024', '-6.718693,111.041526', '-', 0, '3318105409970002', '3318101809070030', 'karyawan swasta', '-', 'rumah-3318105409970002.jpeg', '95', 3, '2020-07-09 13:07:11', '2020-07-15 13:49:31'),
(83, 19, 'basuki', '8', 'JAWA TENGAH', 'KABUPATEN PATI', 'PATI', 'PATI LOR', 33, 3318, 3318100, '3318100012', '-', 'RANDUKUNING', 0, '-', '-', '-', '-', '-', '-', 2, '2020-07-09 13:07:48', '2020-07-13 17:45:03'),
(84, 21, 'DIAH KUSMIATI ( PAYANG)', '234', 'JAWA TENGAH', 'KABUPATEN PATI', 'PATI', 'PAYANG', 33, 3318, 3318100, '3318100021', '-', '-', 0, '-', '-', '-', '-', '-', '-', 4, '2020-07-09 13:08:32', '2020-07-15 11:38:02'),
(85, 19, 'pak rt randukuning', '085226105382', 'JAWA TENGAH', 'KABUPATEN PATI', 'PATI', 'PATI LOR', 33, 3318, 3318100, '3318100012', '-', 'RANDUKUNING', 0, '-', '-', '-', '-', '-', '-', 2, '2020-07-09 13:08:35', '2020-07-13 17:45:03'),
(86, 19, 'zanenal', '08121599910', 'JAWA TENGAH', 'KABUPATEN PATI', 'PATI', 'TAMBAHARJO', 33, 3318, 3318100, '3318100025', '-', 'GADUNGAN', 0, '-', '-', '-', '-', '-', '-', 4, '2020-07-09 13:09:23', '2020-07-13 17:50:40'),
(87, 21, 'BASUKI ( WARUNG)', '234', 'JAWA TENGAH', 'KABUPATEN PATI', 'PATI', 'PATI LOR', 33, 3318, 3318100, '3318100012', '-', 'RANDUKUNING', 0, '-', '-', '-', '-', '-', '-', 2, '2020-07-09 13:09:43', '2020-07-15 14:19:18'),
(88, 19, 'rudu tutut', '08976357490', 'JAWA TENGAH', 'KABUPATEN PATI', 'PATI', 'TAMBAHARJO', 33, 3318, 3318100, '3318100025', '-', 'RUNTING', 0, '-', '-', '-', '-', '-', '-', 4, '2020-07-09 13:10:16', '2020-07-13 17:41:35'),
(89, 21, 'ZAENAL (GADUNGAN)', '081215999910', 'JAWA TENGAH', 'KABUPATEN PATI', 'PATI', 'TAMBAHARJO', 33, 3318, 3318100, '3318100025', '-', 'GADUNGAN', 0, '-', '-', '-', '-', '-', '-', 2, '2020-07-09 13:11:06', '2020-07-15 11:28:42'),
(90, 19, 'yunita', '082133477773', 'JAWA TENGAH', 'KABUPATEN PATI', 'PATI', 'MULYOHARJO', 33, 3318, 3318100, '3318100024', '-', 'SUKUN', 0, '-', '-', '-', '-', '-', '-', 2, '2020-07-09 13:11:07', '2020-07-15 11:21:01'),
(91, 19, 'selamet', '8', 'JAWA TENGAH', 'KABUPATEN PATI', 'PATI', 'PATI LOR', 33, 3318, 3318100, '3318100012', '-', 'RANDUKUNING', 0, '-', '-', '-', '-', '-', '-', 2, '2020-07-09 13:11:35', '2020-07-15 12:16:40'),
(92, 21, 'RUDI (TUTUT)', '08976357490', 'JAWA TENGAH', 'KABUPATEN PATI', 'PATI', 'TAMBAHARJO', 33, 3318, 3318100, '3318100025', '-', 'RUNTING', 0, '-', '-', '-', '-', '-', '-', 2, '2020-07-09 13:11:57', '2020-07-15 14:13:03'),
(93, 16, 'WIWIK SUDARNO', '081229040243', 'JAWA TENGAH', 'KABUPATEN PATI', 'PATI', 'TAMBAHARJO', 33, 3318, 3318100, '3318100025', '-6.722560,111.051423', 'RUNTING', 1000000, '-', '-', '-', '-', '-', '-', 2, '2020-07-10 12:41:17', '2020-07-15 14:18:00'),
(94, 16, 'LULUK', '081327529609', 'JAWA TENGAH', 'KABUPATEN PATI', 'PATI', 'TAMBAHARJO', 33, 3318, 3318100, '3318100025', '-', 'GADUNGAN', 0, '-', '-', '-', '-', '-', '-', 2, '2020-07-10 12:45:53', '2020-07-15 14:21:25'),
(95, 16, 'HADI KUSMANTO', '085225212168', 'JAWA TENGAH', 'KABUPATEN PATI', 'PATI', 'TAMBAHARJO', 33, 3318, 3318100, '3318100025', '-', 'RUNTING', 1000000, '-', '-', '-', '-', '-', '-', 2, '2020-07-10 12:48:24', '2020-07-15 14:11:55'),
(96, 16, 'HERI', '12', 'JAWA TENGAH', 'KABUPATEN PATI', 'PATI', 'TAMBAHARJO', 33, 3318, 3318100, '3318100025', '-6.721195,111.051892', 'RUNTING', 1000000, '-', '-', '-', '-', '-', '-', 2, '2020-07-10 12:49:22', '2020-07-15 14:13:45'),
(97, 16, 'DEDY', '081390485301', 'JAWA TENGAH', 'KABUPATEN PATI', 'PATI', 'BLARU', 33, 3318, 3318100, '3318100006', '-6.761880,111.036937', '-', 1800000, '0', '0', 'polisi', '-', '-', '132', 3, '2020-07-10 12:50:14', '2020-07-16 13:30:48'),
(98, 16, 'ANIK SUSILANINGSIH', '081329000149', 'JAWA TENGAH', 'KABUPATEN PATI', 'PATI', 'MULYOHARJO', 33, 3318, 3318100, '3318100024', '-6.725709,111.044049', 'MBIORO', 700000, '3318105809820004', '0', 'karyawan swasta', '-', '-', '133', 3, '2020-07-10 12:51:42', '2020-07-16 12:35:50'),
(99, 16, 'suhari', '081216985657', 'JAWA TENGAH', 'KABUPATEN PATI', 'PATI', 'KUTOHARJO', 33, 3318, 3318100, '3318100022', '0', '-', 700000, '3318111708750005', '0', 'wiraswasta', '-', '-', '134', 3, '2020-07-10 12:52:33', '2020-07-16 13:22:54'),
(100, 16, 'irfan puspito ardi', '089502018404', 'JAWA TENGAH', 'KABUPATEN PATI', 'MARGOREJO', 'MUKTIHARJO', 33, 3318, 3318120, '3318120018', '0', '-', 1800000, '3318121002830002', '3318122812060022', 'WIRASWASTA', '-', '-', '135', 3, '2020-07-10 12:53:24', '2020-07-13 17:15:26'),
(101, 16, 'ALI SAID', '085643773666', 'JAWA TENGAH', 'KABUPATEN PATI', 'PATI', 'KUTOHARJO', 33, 3318, 3318100, '3318100022', '-6.730083,111.042864', '-', 1800000, '331810511690008', '3318101905100004', 'karyawan swasta', '-', '-', '136', 3, '2020-07-10 12:56:40', '2020-07-16 13:27:06'),
(102, 16, 'SUKAHAR', '082327183984', 'JAWA TENGAH', 'KABUPATEN PATI', 'KAYEN', 'BOLOAGUNG', 33, 3318, 3318020, '3318020016', '-6.857450,110.998604', '-', 900000, '-', '-', '-', '-', '-', '-', 2, '2020-07-10 13:02:28', '2020-07-15 12:14:43'),
(103, 16, 'medi supriyanto', '085337312670', 'JAWA TENGAH', 'KABUPATEN PATI', 'PATI', 'BLARU', 33, 3318, 3318100, '3318100006', '-6.761113,111.039088', '-', 1800000, '3318102507780004', '3318100108080029', 'wiraswasta', '-', '-', '138', 3, '2020-07-10 13:04:25', '2020-07-16 12:33:00'),
(104, 16, 'moh kurdi', '081367145643', 'JAWA TENGAH', 'KABUPATEN PATI', 'PATI', 'SEMAMPIR', 33, 3318, 3318100, '3318100004', '-', '-', 1800000, '-', '-', '-', '-', '-', '-', 2, '2020-07-10 13:05:50', '2020-07-15 11:22:59'),
(105, 16, 'nur cahya', '0813671455643', 'JAWA TENGAH', 'KABUPATEN PATI', 'KAYEN', 'BOLOAGUNG', 33, 3318, 3318020, '3318020016', '-6.857390,110.999011', '-', 1800000, '-', '-', '-', '-', '-', '-', 2, '2020-07-10 13:08:44', '2020-07-15 11:37:32'),
(106, 16, 'yahya krisetya', '082225282299', 'JAWA TENGAH', 'KABUPATEN PATI', 'PATI', 'PAYANG', 33, 3318, 3318100, '3318100021', '-6.729053,111.059633', '-', 1800000, '3318100908930002', '0', 'KARYAWAN SWASTA', '-', 'rumah-3318100908930002.jpeg', '142', 3, '2020-07-10 13:12:28', '2020-07-13 16:56:47'),
(107, 16, 'nurul', '1', 'JAWA TENGAH', 'KABUPATEN PATI', 'PATI', 'MULYOHARJO', 33, 3318, 3318100, '3318100024', '-6.725871,111.044553', 'MBIORO', 0, '-', '-', '-', '-', '-', '-', 2, '2020-07-10 13:16:12', '2020-07-15 11:45:42'),
(108, 16, 'yayan suriyan', '082311447474', 'JAWA TENGAH', 'KABUPATEN PATI', 'PATI', 'PATI LOR', 33, 3318, 3318100, '3318100012', '-6.751374,111.036847', 'SALIYAN', 1800000, '3318101803700012', '3318102311090029', 'GURU', '-', '-', '145', 3, '2020-07-10 13:19:45', '2020-07-13 17:39:28'),
(109, 16, 'endang palupi', '081331714444', 'JAWA TENGAH', 'KABUPATEN PATI', 'PATI', 'KUTOHARJO', 33, 3318, 3318100, '3318100022', '-6.732863,111.044761', '-', 900000, '3318105807750003', '3318101707056241', 'karyawan BUMN', '-', '-', '147', 3, '2020-07-10 13:21:39', '2020-07-15 13:59:25'),
(110, 16, 'supriyadi', '082142344317', 'JAWA TENGAH', 'KABUPATEN PATI', 'MARGOREJO', 'BADEGAN', 33, 3318, 3318120, '3318120012', '0', '-', 1800000, '331812280880002', '3318120210061567', 'WIRASWASTA', 'pelanggan-331812280880002.jpeg', '-', '146', 3, '2020-07-10 13:22:36', '2020-07-13 16:38:55'),
(111, 16, 'sri lestari', '081225783012', 'JAWA TENGAH', 'KABUPATEN PATI', 'KAYEN', 'BOLOAGUNG', 33, 3318, 3318020, '3318020016', '-6.857607,110.997974', '-', 1800000, '-', '-', '-', '-', '-', '-', 2, '2020-07-10 13:25:03', '2020-07-15 11:58:22'),
(112, 16, 'darmawan yunia permana', '081919862021', 'JAWA TENGAH', 'KABUPATEN PATI', 'PATI', 'KUTOHARJO', 33, 3318, 3318100, '3318100022', '-6.739014,111.048202', '-', 1800000, '3319011606870006', '3319020104140005', 'KARYAWAN BUMN', '-', '-', '149', 3, '2020-07-10 13:27:25', '2020-07-13 16:28:14'),
(113, 16, 'DENNY SOEGIARTO', '087833733299', 'JAWA TENGAH', 'KABUPATEN PATI', 'PATI', 'KUTOHARJO', 33, 3318, 3318100, '3318100022', '-6.739045,111.048339', '-', 3360000, '-', '-', '-', '-', '-', '-', 2, '2020-07-10 13:30:06', '2020-07-15 11:18:42'),
(114, 16, 'Marni / yono', '082225535444', 'JAWA TENGAH', 'KABUPATEN PATI', 'TLOGOWUNGU', 'TAMANSARI', 33, 3318, 3318140, '3318140001', '1', 'tamansari Rt 003/004 tlogowungu pati', 1800000, '3318141011070005', '1', 'Pns', '-', 'rumah-3318141011070005.jpeg', '153', 3, '2020-07-15 11:17:07', '2020-07-16 16:54:01'),
(115, 16, 'Andi cahyo', '81328101824', 'JAWA TENGAH', 'KABUPATEN PATI', 'PATI', 'PATI LOR', 33, 3318, 3318100, '3318100012', '-6.740506,111.037808', 'jl.randukuning Gg.5 Randukuning,Pati lor kec.Pati', 1800000, '3318100404740011', '3318100210063465', 'PNS', '-', 'rumah-3318100404740011.jpeg', '152', 3, '2020-07-15 12:53:22', '2020-07-16 15:18:14'),
(116, 19, 'bu titin perum sukun', '082225830769', 'JAWA TENGAH', 'KABUPATEN PATI', 'PATI', 'MULYOHARJO', 33, 3318, 3318100, '3318100024', '-6.7180632, 111.0431749', 'Desa Mulyoharjo Perum Sukun', 1000000, '-', '-', '-', '-', '-', '-', 1, '2020-07-15 16:22:00', '2020-07-15 16:22:00'),
(117, 16, 'Wahyu sabara', '082225572768', 'JAWA TENGAH', 'PATI KABUPATEN', 'PATI', 'BLARU', 33, 3318, 3318100, '3318100006', '-6.745888,111.035229', 'Blaru ', 1800000, '-', '-', '-', '-', '-', '-', 1, '2020-07-15 20:53:51', '2020-07-15 20:53:51'),
(118, 16, 'Yusuf puri', '087785194711', 'JAWA TENGAH', 'PATI KABUPATEN', 'PATI', 'PURI', 33, 3318, 3318100, '3318100009', '-6.752101,111.018975', 'Perum puri taman gading I no.18 rt 004 rw 001 desa puri kecamatan pati', 175, '-', '-', '-', '-', '-', '-', 1, '2020-07-15 20:57:34', '2020-07-15 20:57:34'),
(119, 16, 'Santoso', '0', 'JAWA TENGAH', 'PATI KABUPATEN', 'PATI', 'LOR PATI', 33, 3318, 3318100, '3318100012', '-6.744753,111.035739', ' Ds. Randukuning Rt. 05 / Rw. 03, Kel. Pati Lor, Kec. Pati.', 175, '-', '-', '-', '-', '-', '-', 1, '2020-07-15 21:01:09', '2020-07-15 21:01:09'),
(120, 16, 'Anugrah', '085219026747', 'JAWA TENGAH', 'PATI KABUPATEN', 'WEDARIJAKSA', 'WEDARIJAKSA', 33, 3318, 3318150, '3318152009', '-6.696189,111.090269', '', 0, '-', '-', '-', '-', '-', '-', 1, '2020-07-15 21:09:13', '2020-07-15 21:09:13'),
(121, 16, 'Dwiki', '082137009900', 'JAWA TENGAH', 'PATI KABUPATEN', 'PATI', 'SARIREJO', 33, 3318, 3318100, '3318100016', '-6.743782,111.051349', 'GG.11, Sarirejo,kec.pati , kabupaten Pati, Jawa tengah 59118', 0, '-', '-', '-', '-', '-', '-', 1, '2020-07-15 21:12:07', '2020-07-15 21:12:07'),
(122, 16, 'Aan kristiawan (pemda)', '082358667727', 'JAWA TENGAH', 'KABUPATEN PATI', 'MARGOREJO', 'METARAMAN', 33, 3318, 3318120, '3318120017', '-6.735754,110.990240', 'ranggah , mataraman , kec.margorejo pati', 1800000, '-', '-', '-', '-', '-', '-', 1, '2020-07-16 12:15:03', '2020-07-16 12:15:03'),
(123, 16, 'rudy prasojo', '85826675625', 'JAWA TENGAH', 'KABUPATEN PATI', 'PATI', 'PATI KIDUL', 33, 3318, 3318100, '3318100007', '-6.756010,111.031108', 'Kp bendan Rt.8/4 Jln syeh jangkung.gang pandawa 5 pati Kidul', 900, '-', '-', '-', '-', '-', '-', 1, '2020-07-16 12:19:55', '2020-07-16 12:19:55'),
(124, 21, 'Kusnul Khotimah/Agus Priyanto', '0', 'JAWA TENGAH', 'KABUPATEN PATI', 'PATI', 'SIDOKERTO', 33, 3318, 3318100, '3318100023', '-6.7374602, 111.0365817', 'Sidokerto', 0, '-', '-', '-', '-', '-', '-', 1, '2020-07-16 15:03:01', '2020-07-16 15:03:01'),
(125, 21, 'Priyono', '081326176835', 'JAWA TENGAH', 'KABUPATEN PATI', 'PATI', 'PATI KIDUL', 33, 3318, 3318100, '3318100007', '-6.755696,111.042128', ' alamat Kauman RT 05 RW 01 belakang Toko meubel Damai lorong lurus masjid Baitul Nur kalo dari arah selatan', 900, '-', '-', '-', '-', '-', '-', 1, '2020-07-16 16:12:37', '2020-07-16 16:12:37');

-- --------------------------------------------------------

--
-- Table structure for table `pemasangan`
--

CREATE TABLE `pemasangan` (
  `id` int(11) NOT NULL,
  `pelanggan_id` int(11) NOT NULL,
  `tiang` int(11) NOT NULL,
  `kabel` int(11) NOT NULL,
  `trx` int(11) NOT NULL,
  `ccq` int(11) NOT NULL,
  `metode` int(11) NOT NULL,
  `pemasangan` int(11) NOT NULL,
  `created` datetime NOT NULL DEFAULT CURRENT_TIMESTAMP,
  `updated` datetime NOT NULL DEFAULT CURRENT_TIMESTAMP ON UPDATE CURRENT_TIMESTAMP
) ENGINE=InnoDB DEFAULT CHARSET=latin1;

--
-- Dumping data for table `pemasangan`
--

INSERT INTO `pemasangan` (`id`, `pelanggan_id`, `tiang`, `kabel`, `trx`, `ccq`, `metode`, `pemasangan`, `created`, `updated`) VALUES
(8, 10, 4, 18, 0, 0, 1, 2, '2020-07-07 17:12:25', '2020-07-09 12:58:08'),
(9, 12, 3, 25, 1, 1, 2, 2, '2020-07-07 21:41:35', '2020-07-11 16:07:10'),
(10, 13, 3, 25, 0, 0, 2, 1, '2020-07-07 22:04:34', '2020-07-07 22:04:34'),
(11, 14, 3, 30, 1, 1, 2, 2, '2020-07-07 22:14:46', '2020-07-13 15:15:16'),
(12, 23, 0, 50, 1, 1, 2, 2, '2020-07-07 22:21:30', '2020-07-11 14:26:58'),
(14, 11, 3, 25, 50, 80, 1, 2, '2020-07-08 09:42:31', '2020-07-08 09:45:11'),
(15, 16, 3, 25, 1, 1, 2, 2, '2020-07-08 21:26:59', '2020-07-13 14:14:35'),
(16, 29, 1, 25, 0, 0, 1, 1, '2020-07-08 21:35:14', '2020-07-08 21:35:14'),
(17, 31, 3, 25, 0, 0, 1, 1, '2020-07-08 21:37:10', '2020-07-08 21:37:10'),
(18, 32, 3, 25, 0, 0, 2, 1, '2020-07-08 21:48:42', '2020-07-08 21:48:42'),
(19, 33, 3, 30, 0, 0, 2, 1, '2020-07-08 21:49:37', '2020-07-08 21:49:37'),
(20, 18, 1, 16, 0, 0, 2, 1, '2020-07-08 21:51:42', '2020-07-08 21:51:42'),
(21, 15, 1, 16, 1, 1, 2, 2, '2020-07-08 21:52:23', '2020-07-11 13:31:07'),
(22, 19, 1, 16, 0, 0, 2, 1, '2020-07-08 21:52:50', '2020-07-08 21:52:50'),
(23, 20, 1, 16, 1, 1, 2, 2, '2020-07-08 21:53:31', '2020-07-11 12:56:34'),
(24, 37, 3, 25, 56, 72, 2, 2, '2020-07-08 21:54:30', '2020-07-10 16:19:26'),
(25, 21, 1, 16, 0, 0, 2, 1, '2020-07-08 21:54:57', '2020-07-08 21:54:57'),
(26, 22, 1, 16, 1, 1, 1, 2, '2020-07-08 21:55:28', '2020-07-11 12:30:33'),
(27, 24, 1, 15, 0, 0, 2, 1, '2020-07-09 10:17:57', '2020-07-09 10:17:57'),
(28, 25, 1, 15, 50, 81, 2, 2, '2020-07-09 10:18:32', '2020-07-10 10:48:04'),
(29, 26, 1, 15, 0, 0, 2, 1, '2020-07-09 10:19:25', '2020-07-09 10:19:25'),
(30, 27, 1, 15, 0, 0, 2, 1, '2020-07-09 12:37:54', '2020-07-09 12:37:54'),
(31, 34, 1, 10, 0, 0, 2, 1, '2020-07-09 13:04:40', '2020-07-09 13:04:40'),
(32, 28, 1, 15, 1, 1, 2, 2, '2020-07-09 13:59:19', '2020-07-11 12:41:01'),
(33, 35, 1, 15, 1, 1, 2, 1, '2020-07-09 14:06:15', '2020-07-11 15:49:13'),
(34, 36, 2, 17, 1, 1, 2, 2, '2020-07-09 14:07:03', '2020-07-11 15:52:44'),
(35, 38, 1, 15, 56, 73, 2, 2, '2020-07-09 14:07:52', '2020-07-10 11:15:45'),
(36, 39, 1, 15, 0, 0, 2, 1, '2020-07-10 09:45:09', '2020-07-10 09:45:09'),
(37, 40, 1, 15, 1, 1, 2, 1, '2020-07-10 10:02:18', '2020-07-11 15:59:02'),
(38, 41, 1, 15, 1, 1, 2, 2, '2020-07-10 10:02:47', '2020-07-11 13:53:35'),
(39, 50, 3, 25, 0, 0, 2, 1, '2020-07-10 10:10:09', '2020-07-10 10:10:09'),
(40, 42, 1, 11, 1, 1, 2, 2, '2020-07-10 11:17:40', '2020-07-11 13:23:02'),
(41, 43, 1, 11, 1, 1, 2, 2, '2020-07-10 11:19:13', '2020-07-11 15:16:39'),
(42, 44, 1, 11, 0, 0, 2, 1, '2020-07-10 11:19:53', '2020-07-10 11:19:53'),
(43, 45, 1, 15, 0, 0, 2, 1, '2020-07-10 13:45:04', '2020-07-10 13:45:04'),
(44, 46, 1, 15, 0, 0, 2, 1, '2020-07-10 13:57:59', '2020-07-10 13:57:59'),
(45, 47, 3, 25, 3, 3, 1, 2, '2020-07-10 14:00:37', '2020-07-14 11:29:37'),
(46, 48, 3, 25, 0, 0, 2, 1, '2020-07-10 14:11:14', '2020-07-10 14:11:14'),
(47, 49, 1, 15, 1, 1, 2, 2, '2020-07-10 14:16:01', '2020-07-11 12:18:40'),
(48, 51, 1, 15, 5, 5, 2, 2, '2020-07-10 14:22:57', '2020-07-14 11:33:23'),
(49, 52, 3, 25, 0, 0, 2, 1, '2020-07-10 14:24:12', '2020-07-10 14:24:12'),
(50, 53, 0, 16, 0, 0, 2, 1, '2020-07-10 14:26:13', '2020-07-10 14:26:13'),
(51, 54, 0, 35, 0, 0, 2, 1, '2020-07-10 14:28:12', '2020-07-10 14:28:12'),
(52, 65, 3, 26, 5, 5, 2, 2, '2020-07-10 14:38:37', '2020-07-14 11:31:25'),
(53, 55, 3, 26, 0, 0, 2, 1, '2020-07-10 14:41:03', '2020-07-10 14:41:03'),
(54, 56, 0, 15, 0, 0, 2, 1, '2020-07-10 14:49:44', '2020-07-10 14:49:44'),
(55, 57, 3, 25, 0, 0, 2, 1, '2020-07-10 14:51:33', '2020-07-10 14:51:33'),
(56, 58, 1, 15, 0, 0, 2, 1, '2020-07-10 14:52:18', '2020-07-10 14:52:18'),
(57, 59, 3, 25, 0, 0, 2, 1, '2020-07-10 14:53:56', '2020-07-10 14:53:56'),
(58, 60, 1, 15, 1, 1, 2, 2, '2020-07-10 14:54:30', '2020-07-11 13:08:26'),
(59, 61, 0, 35, 0, 0, 2, 1, '2020-07-10 15:20:38', '2020-07-10 15:20:38'),
(60, 62, 0, 35, 0, 0, 2, 1, '2020-07-10 15:22:16', '2020-07-10 15:22:16'),
(61, 63, 0, 35, 0, 0, 2, 1, '2020-07-10 15:54:55', '2020-07-10 15:54:55'),
(62, 66, 3, 25, 0, 0, 2, 1, '2020-07-10 16:12:57', '2020-07-10 16:12:57'),
(63, 64, 3, 25, 0, 0, 2, 1, '2020-07-11 12:34:59', '2020-07-11 12:34:59'),
(64, 67, 3, 25, 0, 0, 2, 1, '2020-07-11 12:36:04', '2020-07-11 12:36:04'),
(65, 68, 0, 15, 0, 0, 2, 1, '2020-07-11 12:37:04', '2020-07-11 12:37:04'),
(66, 69, 3, 22, 0, 0, 2, 1, '2020-07-11 12:38:06', '2020-07-11 12:38:06'),
(67, 70, 0, 15, 0, 0, 2, 1, '2020-07-11 12:39:19', '2020-07-11 12:39:19'),
(68, 71, 1, 15, 0, 0, 2, 1, '2020-07-11 12:40:02', '2020-07-11 12:40:02'),
(69, 72, 1, 25, 0, 0, 2, 1, '2020-07-11 12:41:33', '2020-07-11 12:41:33'),
(70, 73, 0, 15, 0, 0, 2, 1, '2020-07-11 12:42:26', '2020-07-11 12:42:26'),
(71, 75, 0, 25, 0, 0, 2, 1, '2020-07-11 12:43:44', '2020-07-11 12:43:44'),
(72, 76, 1, 25, 0, 0, 2, 1, '2020-07-11 12:44:22', '2020-07-11 12:44:22'),
(73, 78, 1, 25, 10, 10, 2, 2, '2020-07-11 12:45:31', '2020-07-14 11:53:21'),
(74, 77, 1, 15, 0, 0, 2, 1, '2020-07-11 12:50:42', '2020-07-11 12:50:42'),
(75, 80, 2, 16, 0, 0, 2, 1, '2020-07-11 12:51:28', '2020-07-11 12:51:28'),
(76, 81, 0, 45, 0, 0, 2, 1, '2020-07-11 12:52:01', '2020-07-11 12:52:01'),
(77, 83, 1, 11, 0, 0, 2, 1, '2020-07-11 14:31:42', '2020-07-11 14:31:42'),
(78, 82, 1, 11, 5, 5, 2, 2, '2020-07-11 14:34:22', '2020-07-15 13:49:31'),
(79, 85, 1, 15, 0, 0, 2, 1, '2020-07-11 14:35:18', '2020-07-11 14:35:18'),
(80, 100, 3, 29, 5, 5, 2, 2, '2020-07-11 14:41:08', '2020-07-13 14:36:45'),
(81, 30, 1, 15, 1, 1, 2, 2, '2020-07-11 15:54:13', '2020-07-11 15:56:16'),
(82, 106, 3, 28, 1, 1, 1, 2, '2020-07-13 14:16:43', '2020-07-13 14:19:19'),
(83, 112, 2, 20, 2, 3, 2, 2, '2020-07-13 14:21:00', '2020-07-13 14:25:15'),
(84, 110, 3, 25, 3, 3, 2, 2, '2020-07-13 14:26:24', '2020-07-13 14:30:36'),
(85, 108, 2, 19, 56, 79, 2, 2, '2020-07-13 14:31:34', '2020-07-13 14:34:32'),
(86, 101, 2, 25, 5, 5, 2, 2, '2020-07-13 15:22:09', '2020-07-16 13:27:06'),
(87, 113, 3, 28, 0, 0, 2, 1, '2020-07-15 11:18:42', '2020-07-15 11:18:42'),
(88, 109, 2, 28, 5, 5, 2, 2, '2020-07-15 11:19:38', '2020-07-15 13:59:25'),
(89, 90, 1, 18, 0, 0, 2, 1, '2020-07-15 11:21:01', '2020-07-15 11:21:01'),
(90, 104, 3, 28, 0, 0, 2, 1, '2020-07-15 11:22:59', '2020-07-15 11:22:59'),
(91, 89, 0, 16, 0, 0, 2, 1, '2020-07-15 11:28:42', '2020-07-15 11:28:42'),
(92, 97, 2, 24, 5, 5, 2, 2, '2020-07-15 11:29:27', '2020-07-16 13:30:48'),
(93, 103, 0, 25, 5, 5, 2, 2, '2020-07-15 11:30:17', '2020-07-16 12:33:00'),
(94, 105, 0, 18, 0, 0, 2, 1, '2020-07-15 11:37:32', '2020-07-15 11:37:32'),
(95, 107, 0, 27, 0, 0, 2, 1, '2020-07-15 11:45:42', '2020-07-15 11:45:42'),
(96, 111, 0, 25, 0, 0, 2, 1, '2020-07-15 11:58:22', '2020-07-15 11:58:22'),
(97, 102, 0, 20, 0, 0, 2, 1, '2020-07-15 12:14:43', '2020-07-15 12:14:43'),
(98, 91, 2, 18, 0, 0, 2, 1, '2020-07-15 12:16:40', '2020-07-15 12:16:40'),
(99, 98, 3, 25, 5, 5, 2, 2, '2020-07-15 14:00:29', '2020-07-16 12:35:50'),
(100, 99, 3, 28, 5, 5, 2, 2, '2020-07-15 14:01:15', '2020-07-16 13:22:54'),
(101, 79, 2, 25, 0, 0, 2, 1, '2020-07-15 14:10:43', '2020-07-15 14:10:43'),
(102, 95, 2, 25, 0, 0, 2, 1, '2020-07-15 14:11:55', '2020-07-15 14:11:55'),
(103, 92, 3, 25, 0, 0, 2, 1, '2020-07-15 14:13:03', '2020-07-15 14:13:03'),
(104, 96, 3, 25, 0, 0, 2, 1, '2020-07-15 14:13:45', '2020-07-15 14:13:45'),
(105, 93, 1, 14, 0, 0, 2, 1, '2020-07-15 14:18:00', '2020-07-15 14:18:00'),
(106, 87, 0, 25, 0, 0, 2, 1, '2020-07-15 14:19:18', '2020-07-15 14:19:18'),
(107, 94, 0, 25, 0, 0, 2, 1, '2020-07-15 14:21:25', '2020-07-15 14:21:25'),
(108, 115, 0, 25, 55, 65, 2, 2, '2020-07-16 15:14:53', '2020-07-16 15:18:14'),
(109, 114, 3, 25, 65, 70, 2, 2, '2020-07-16 16:48:57', '2020-07-16 16:54:01');

-- --------------------------------------------------------

--
-- Table structure for table `selesai`
--

CREATE TABLE `selesai` (
  `id` int(11) NOT NULL,
  `pelanggan_id` int(11) NOT NULL,
  `user_id` int(11) NOT NULL,
  `tgl_pks` datetime NOT NULL DEFAULT CURRENT_TIMESTAMP
) ENGINE=InnoDB DEFAULT CHARSET=latin1;

--
-- Dumping data for table `selesai`
--

INSERT INTO `selesai` (`id`, `pelanggan_id`, `user_id`, `tgl_pks`) VALUES
(6, 10, 16, '2020-07-07 17:22:52'),
(7, 11, 9, '2020-07-08 09:20:31'),
(8, 11, 9, '2020-07-08 09:45:11'),
(9, 25, 16, '2020-07-10 10:48:04'),
(10, 38, 16, '2020-07-10 11:15:45'),
(11, 37, 16, '2020-07-10 16:19:26'),
(12, 49, 21, '2020-07-11 12:18:40'),
(13, 22, 21, '2020-07-11 12:30:33'),
(14, 28, 21, '2020-07-11 12:41:01'),
(15, 20, 21, '2020-07-11 12:56:34'),
(16, 60, 21, '2020-07-11 13:08:26'),
(17, 42, 21, '2020-07-11 13:23:02'),
(18, 15, 21, '2020-07-11 13:31:07'),
(19, 41, 21, '2020-07-11 13:53:35'),
(20, 23, 16, '2020-07-11 14:26:58'),
(21, 43, 16, '2020-07-11 15:16:39'),
(22, 36, 16, '2020-07-11 15:52:44'),
(23, 30, 16, '2020-07-11 15:56:16'),
(24, 12, 16, '2020-07-11 16:07:10'),
(25, 16, 16, '2020-07-13 14:14:35'),
(26, 106, 16, '2020-07-13 14:19:19'),
(27, 112, 16, '2020-07-13 14:25:15'),
(28, 110, 16, '2020-07-13 14:30:36'),
(29, 108, 16, '2020-07-13 14:34:32'),
(30, 100, 16, '2020-07-13 14:36:45'),
(31, 14, 16, '2020-07-13 15:15:16'),
(32, 47, 16, '2020-07-14 11:29:37'),
(33, 65, 16, '2020-07-14 11:31:25'),
(34, 51, 16, '2020-07-14 11:33:23'),
(35, 78, 16, '2020-07-14 11:53:21'),
(36, 82, 16, '2020-07-15 13:49:31'),
(37, 109, 16, '2020-07-15 13:59:25'),
(38, 103, 16, '2020-07-16 12:33:00'),
(39, 98, 16, '2020-07-16 12:35:50'),
(40, 99, 16, '2020-07-16 13:22:54'),
(41, 101, 16, '2020-07-16 13:27:06'),
(42, 97, 16, '2020-07-16 13:30:48'),
(43, 115, 21, '2020-07-16 15:18:14'),
(44, 114, 18, '2020-07-16 16:54:01');

-- --------------------------------------------------------

--
-- Table structure for table `user`
--

CREATE TABLE `user` (
  `id` int(11) NOT NULL,
  `username` varchar(255) NOT NULL,
  `password` varchar(255) NOT NULL,
  `email` varchar(255) NOT NULL,
  `is_active` tinyint(1) NOT NULL DEFAULT '0',
  `created` datetime NOT NULL DEFAULT CURRENT_TIMESTAMP,
  `updated` datetime NOT NULL DEFAULT CURRENT_TIMESTAMP ON UPDATE CURRENT_TIMESTAMP
) ENGINE=InnoDB DEFAULT CHARSET=latin1;

--
-- Dumping data for table `user`
--

INSERT INTO `user` (`id`, `username`, `password`, `email`, `is_active`, `created`, `updated`) VALUES
(9, 'root', '$2y$10$MaeBDW4FFonbjn.gskjh1.6oRPvLhBf0VkZ96GsPcQ17g.abgSHzu', 'root@gmail.com', 1, '2020-06-29 10:24:12', '2020-07-07 10:52:50'),
(16, 'vika', '$2y$10$mfgixu.BQT/SBBJ0X9nDCOhBqWZg0qVZl.BKSzOBOgd5gh8o/675S', 'vika@mandesa.co.id', 1, '2020-07-07 16:38:23', '2020-07-08 08:51:25'),
(17, 'ropek', '$2y$10$Qj/eTm8QKa8IsbrgYpGUQePlhWIwv41IhLTR1lEZFDEBCrpKF8eAG', 'ropek@mandesa.co.id', 1, '2020-07-07 16:39:05', '2020-07-08 08:51:07'),
(18, 'duwi', '$2y$10$spHVgpXd6qpx3RXbrtRQTeJC9x775YLlHFOBNZeZj5kr0NvrFRBmu', 'duwi@mandesa.co.id', 1, '2020-07-07 16:39:44', '2020-07-08 08:43:27'),
(19, 'andian', '$2y$10$iiExBTu.UMzcBVnkhxBV0.vR4Vyr.W0f9EEGb0ahdfmZQKOxYaNUm', 'andian@mandesa.co.id', 1, '2020-07-08 08:49:51', '2020-07-08 08:49:51'),
(20, 'anam', '$2y$10$LUOvhlZChzw.iVbQC2kTI.Srzx2zC6NDn5GEgHzZ5ztowd6zAiRgi', 'anam@mandesa.co.id', 1, '2020-07-08 08:50:18', '2020-07-08 08:50:18'),
(21, 'agus', '$2y$10$uncBwmEFeVbXmjIbUGjq2uVnnmmODyJlRAYQd.kLphUmbPK67DOQu', 'agus@mandesa.co.id', 1, '2020-07-08 08:50:47', '2020-07-08 08:50:47'),
(22, 'Anggi', '$2y$10$EArAaHGB/iSCjnGmUik98ORVZ8WbdPvEg0yfs2MagXnuSiG9tmRUi', 'anggi@mandesa.co.id', 1, '2020-07-16 16:07:23', '2020-07-16 16:07:23');

-- --------------------------------------------------------

--
-- Table structure for table `user_has_role`
--

CREATE TABLE `user_has_role` (
  `id` int(11) NOT NULL,
  `user_id` int(11) NOT NULL,
  `user_role_id` int(11) NOT NULL
) ENGINE=InnoDB DEFAULT CHARSET=latin1;

--
-- Dumping data for table `user_has_role`
--

INSERT INTO `user_has_role` (`id`, `user_id`, `user_role_id`) VALUES
(55, 9, 1),
(63, 16, 1),
(64, 17, 3),
(65, 18, 3),
(66, 19, 3),
(67, 20, 3),
(68, 21, 3),
(69, 22, 1);

-- --------------------------------------------------------

--
-- Table structure for table `user_profile`
--

CREATE TABLE `user_profile` (
  `id` int(11) NOT NULL,
  `user_id` int(11) NOT NULL,
  `nama` varchar(255) NOT NULL,
  `img` varchar(255) DEFAULT NULL,
  `no_tlp` varchar(225) NOT NULL,
  `alamat` text NOT NULL,
  `gender` tinyint(1) NOT NULL DEFAULT '1'
) ENGINE=InnoDB DEFAULT CHARSET=latin1;

--
-- Dumping data for table `user_profile`
--

INSERT INTO `user_profile` (`id`, `user_id`, `nama`, `img`, `no_tlp`, `alamat`, `gender`) VALUES
(10, 9, 'Admin', 'admin.png', '0', '-', 1),
(17, 16, 'Vika', 'Vika.jpeg', '082322929429', 'KAYEN', 0),
(18, 17, 'ropek', 'admin.jpg', '081', 'winong', 1),
(19, 18, 'duwi', 'admin.jpg', '081', 'MULYOHARJO', 1),
(20, 19, 'andian', 'admin.png', '08', '-', 1),
(21, 20, 'anam', 'admin.png', '08', '-', 1),
(22, 21, 'agus', 'admin.png', '08', '-', 1),
(23, 22, 'Anggi', 'Anggi.jpeg', '081', 'Pati', 0);

-- --------------------------------------------------------

--
-- Table structure for table `user_role`
--

CREATE TABLE `user_role` (
  `id` int(11) NOT NULL,
  `title` varchar(255) NOT NULL,
  `description` text NOT NULL,
  `level` int(11) NOT NULL,
  `created` datetime NOT NULL DEFAULT CURRENT_TIMESTAMP,
  `updated` datetime NOT NULL DEFAULT CURRENT_TIMESTAMP ON UPDATE CURRENT_TIMESTAMP
) ENGINE=InnoDB DEFAULT CHARSET=latin1;

--
-- Dumping data for table `user_role`
--

INSERT INTO `user_role` (`id`, `title`, `description`, `level`, `created`, `updated`) VALUES
(1, 'admin', 'user untuk admin', 1, '2019-09-25 18:53:20', '2019-09-25 18:53:20'),
(3, 'team_net', 'user untuk team net', 2, '2020-06-05 16:59:33', '2020-07-03 10:05:31');

--
-- Indexes for dumped tables
--

--
-- Indexes for table `agenda`
--
ALTER TABLE `agenda`
  ADD PRIMARY KEY (`id`);

--
-- Indexes for table `alat_dipakai`
--
ALTER TABLE `alat_dipakai`
  ADD PRIMARY KEY (`id`),
  ADD KEY `pelanggan_id` (`pelanggan_id`);

--
-- Indexes for table `alat_history`
--
ALTER TABLE `alat_history`
  ADD PRIMARY KEY (`id`);

--
-- Indexes for table `alat_list`
--
ALTER TABLE `alat_list`
  ADD PRIMARY KEY (`id`),
  ADD KEY `alat_jenis_id` (`alat_jenis_id`);

--
-- Indexes for table `jenis_alat`
--
ALTER TABLE `jenis_alat`
  ADD PRIMARY KEY (`id`);

--
-- Indexes for table `laporan`
--
ALTER TABLE `laporan`
  ADD PRIMARY KEY (`id`);

--
-- Indexes for table `maintance`
--
ALTER TABLE `maintance`
  ADD PRIMARY KEY (`id`),
  ADD KEY `pelanggan_id` (`pelanggan_id`);

--
-- Indexes for table `pelanggan`
--
ALTER TABLE `pelanggan`
  ADD PRIMARY KEY (`id`);

--
-- Indexes for table `pemasangan`
--
ALTER TABLE `pemasangan`
  ADD PRIMARY KEY (`id`),
  ADD KEY `pelanggan_id` (`pelanggan_id`);

--
-- Indexes for table `selesai`
--
ALTER TABLE `selesai`
  ADD PRIMARY KEY (`id`),
  ADD KEY `pelanggan_id` (`pelanggan_id`);

--
-- Indexes for table `user`
--
ALTER TABLE `user`
  ADD PRIMARY KEY (`id`),
  ADD UNIQUE KEY `username` (`username`);

--
-- Indexes for table `user_has_role`
--
ALTER TABLE `user_has_role`
  ADD PRIMARY KEY (`id`),
  ADD KEY `user_id` (`user_id`),
  ADD KEY `user_role_id` (`user_role_id`);

--
-- Indexes for table `user_profile`
--
ALTER TABLE `user_profile`
  ADD PRIMARY KEY (`id`),
  ADD KEY `user_id` (`user_id`);

--
-- Indexes for table `user_role`
--
ALTER TABLE `user_role`
  ADD PRIMARY KEY (`id`);

--
-- AUTO_INCREMENT for dumped tables
--

--
-- AUTO_INCREMENT for table `agenda`
--
ALTER TABLE `agenda`
  MODIFY `id` int(11) NOT NULL AUTO_INCREMENT, AUTO_INCREMENT=7;
--
-- AUTO_INCREMENT for table `alat_dipakai`
--
ALTER TABLE `alat_dipakai`
  MODIFY `id` int(11) NOT NULL AUTO_INCREMENT, AUTO_INCREMENT=256;
--
-- AUTO_INCREMENT for table `alat_history`
--
ALTER TABLE `alat_history`
  MODIFY `id` int(11) NOT NULL AUTO_INCREMENT, AUTO_INCREMENT=281;
--
-- AUTO_INCREMENT for table `alat_list`
--
ALTER TABLE `alat_list`
  MODIFY `id` int(11) NOT NULL AUTO_INCREMENT, AUTO_INCREMENT=301;
--
-- AUTO_INCREMENT for table `jenis_alat`
--
ALTER TABLE `jenis_alat`
  MODIFY `id` int(11) NOT NULL AUTO_INCREMENT, AUTO_INCREMENT=35;
--
-- AUTO_INCREMENT for table `laporan`
--
ALTER TABLE `laporan`
  MODIFY `id` int(11) NOT NULL AUTO_INCREMENT, AUTO_INCREMENT=67;
--
-- AUTO_INCREMENT for table `maintance`
--
ALTER TABLE `maintance`
  MODIFY `id` int(11) NOT NULL AUTO_INCREMENT, AUTO_INCREMENT=6;
--
-- AUTO_INCREMENT for table `pelanggan`
--
ALTER TABLE `pelanggan`
  MODIFY `id` int(11) NOT NULL AUTO_INCREMENT, AUTO_INCREMENT=126;
--
-- AUTO_INCREMENT for table `pemasangan`
--
ALTER TABLE `pemasangan`
  MODIFY `id` int(11) NOT NULL AUTO_INCREMENT, AUTO_INCREMENT=110;
--
-- AUTO_INCREMENT for table `selesai`
--
ALTER TABLE `selesai`
  MODIFY `id` int(11) NOT NULL AUTO_INCREMENT, AUTO_INCREMENT=45;
--
-- AUTO_INCREMENT for table `user`
--
ALTER TABLE `user`
  MODIFY `id` int(11) NOT NULL AUTO_INCREMENT, AUTO_INCREMENT=23;
--
-- AUTO_INCREMENT for table `user_has_role`
--
ALTER TABLE `user_has_role`
  MODIFY `id` int(11) NOT NULL AUTO_INCREMENT, AUTO_INCREMENT=70;
--
-- AUTO_INCREMENT for table `user_profile`
--
ALTER TABLE `user_profile`
  MODIFY `id` int(11) NOT NULL AUTO_INCREMENT, AUTO_INCREMENT=24;
--
-- AUTO_INCREMENT for table `user_role`
--
ALTER TABLE `user_role`
  MODIFY `id` int(11) NOT NULL AUTO_INCREMENT, AUTO_INCREMENT=4;
--
-- Constraints for dumped tables
--

--
-- Constraints for table `alat_dipakai`
--
ALTER TABLE `alat_dipakai`
  ADD CONSTRAINT `alat_dipakai_ibfk_1` FOREIGN KEY (`pelanggan_id`) REFERENCES `pelanggan` (`id`) ON DELETE CASCADE ON UPDATE CASCADE;

--
-- Constraints for table `alat_list`
--
ALTER TABLE `alat_list`
  ADD CONSTRAINT `alat_list_ibfk_1` FOREIGN KEY (`alat_jenis_id`) REFERENCES `jenis_alat` (`id`) ON DELETE NO ACTION ON UPDATE CASCADE;

--
-- Constraints for table `maintance`
--
ALTER TABLE `maintance`
  ADD CONSTRAINT `maintance_ibfk_1` FOREIGN KEY (`pelanggan_id`) REFERENCES `pelanggan` (`id`) ON DELETE CASCADE ON UPDATE CASCADE;

--
-- Constraints for table `pemasangan`
--
ALTER TABLE `pemasangan`
  ADD CONSTRAINT `pemasangan_ibfk_1` FOREIGN KEY (`pelanggan_id`) REFERENCES `pelanggan` (`id`) ON DELETE CASCADE ON UPDATE CASCADE;

--
-- Constraints for table `selesai`
--
ALTER TABLE `selesai`
  ADD CONSTRAINT `selesai_ibfk_1` FOREIGN KEY (`pelanggan_id`) REFERENCES `pelanggan` (`id`) ON DELETE CASCADE ON UPDATE CASCADE;

--
-- Constraints for table `user_has_role`
--
ALTER TABLE `user_has_role`
  ADD CONSTRAINT `user_has_role_ibfk_1` FOREIGN KEY (`user_id`) REFERENCES `user` (`id`) ON DELETE CASCADE ON UPDATE CASCADE,
  ADD CONSTRAINT `user_has_role_ibfk_2` FOREIGN KEY (`user_role_id`) REFERENCES `user_role` (`id`) ON DELETE CASCADE ON UPDATE CASCADE;

--
-- Constraints for table `user_profile`
--
ALTER TABLE `user_profile`
  ADD CONSTRAINT `user_profile_ibfk_1` FOREIGN KEY (`user_id`) REFERENCES `user` (`id`) ON DELETE CASCADE ON UPDATE CASCADE;

/*!40101 SET CHARACTER_SET_CLIENT=@OLD_CHARACTER_SET_CLIENT */;
/*!40101 SET CHARACTER_SET_RESULTS=@OLD_CHARACTER_SET_RESULTS */;
/*!40101 SET COLLATION_CONNECTION=@OLD_COLLATION_CONNECTION */;
