-- phpMyAdmin SQL Dump
-- version 4.6.6deb5
-- https://www.phpmyadmin.net/
--
-- Host: localhost:3306
-- Generation Time: Jul 11, 2020 at 03:53 PM
-- Server version: 5.7.30-0ubuntu0.18.04.1
-- PHP Version: 7.2.24-0ubuntu0.18.04.6

SET SQL_MODE = "NO_AUTO_VALUE_ON_ZERO";
SET time_zone = "+00:00";


/*!40101 SET @OLD_CHARACTER_SET_CLIENT=@@CHARACTER_SET_CLIENT */;
/*!40101 SET @OLD_CHARACTER_SET_RESULTS=@@CHARACTER_SET_RESULTS */;
/*!40101 SET @OLD_COLLATION_CONNECTION=@@COLLATION_CONNECTION */;
/*!40101 SET NAMES utf8mb4 */;

--
-- Database: `mandala`
--

-- --------------------------------------------------------

--
-- Table structure for table `alat_dipakai`
--

CREATE TABLE `alat_dipakai` (
  `id` int(11) NOT NULL,
  `alat_list_id` int(11) NOT NULL,
  `pelanggan_id` int(11) NOT NULL
) ENGINE=InnoDB DEFAULT CHARSET=latin1;

--
-- Dumping data for table `alat_dipakai`
--

INSERT INTO `alat_dipakai` (`id`, `alat_list_id`, `pelanggan_id`) VALUES
(15, 44, 13),
(17, 45, 14),
(18, 54, 23),
(20, 38, 11),
(21, 68, 11),
(22, 69, 11),
(27, 55, 16),
(28, 70, 16),
(29, 37, 12),
(30, 56, 12),
(31, 71, 12),
(32, 46, 29),
(33, 57, 29),
(34, 58, 31),
(35, 72, 31),
(36, 39, 32),
(37, 122, 32),
(38, 59, 33),
(39, 73, 33),
(40, 47, 18),
(41, 48, 15),
(42, 123, 15),
(43, 49, 19),
(44, 124, 19),
(45, 50, 20),
(46, 125, 20),
(47, 40, 37),
(48, 74, 37),
(49, 126, 37),
(50, 51, 21),
(51, 127, 21),
(52, 52, 22),
(53, 128, 22),
(56, 36, 10),
(57, 42, 25);

-- --------------------------------------------------------

--
-- Table structure for table `alat_history`
--

CREATE TABLE `alat_history` (
  `id` int(11) NOT NULL,
  `alat_jenis_id` int(11) NOT NULL,
  `alat_list_id` int(11) NOT NULL,
  `jumlah` int(11) NOT NULL,
  `created` datetime NOT NULL DEFAULT CURRENT_TIMESTAMP
) ENGINE=InnoDB DEFAULT CHARSET=latin1;

--
-- Dumping data for table `alat_history`
--

INSERT INTO `alat_history` (`id`, `alat_jenis_id`, `alat_list_id`, `jumlah`, `created`) VALUES
(10, 9, 0, 100, '2020-07-07 16:48:00'),
(11, 10, 0, 500, '2020-07-07 16:48:11'),
(12, 16, 36, 1, '2020-07-07 16:53:18'),
(13, 16, 37, 1, '2020-07-07 16:53:22'),
(14, 16, 38, 1, '2020-07-07 16:53:27'),
(15, 16, 39, 1, '2020-07-07 16:53:31'),
(16, 16, 40, 1, '2020-07-07 16:53:34'),
(17, 16, 41, 1, '2020-07-07 16:53:37'),
(18, 16, 42, 1, '2020-07-07 16:53:41'),
(19, 16, 43, 1, '2020-07-07 16:53:45'),
(20, 17, 44, 1, '2020-07-07 16:54:59'),
(21, 17, 45, 1, '2020-07-07 16:55:06'),
(22, 17, 46, 1, '2020-07-07 16:55:10'),
(23, 17, 47, 1, '2020-07-07 16:55:13'),
(24, 17, 48, 1, '2020-07-07 16:55:46'),
(25, 17, 49, 1, '2020-07-07 16:55:49'),
(26, 17, 50, 1, '2020-07-07 16:55:52'),
(27, 17, 51, 1, '2020-07-07 16:55:55'),
(28, 17, 52, 1, '2020-07-07 16:55:58'),
(29, 18, 53, 1, '2020-07-07 16:56:13'),
(30, 18, 54, 1, '2020-07-07 16:56:16'),
(31, 18, 55, 1, '2020-07-07 16:56:20'),
(32, 18, 56, 1, '2020-07-07 16:56:48'),
(33, 18, 57, 1, '2020-07-07 16:56:52'),
(34, 18, 58, 1, '2020-07-07 16:56:56'),
(35, 18, 59, 1, '2020-07-07 16:57:02'),
(36, 18, 60, 1, '2020-07-07 16:57:16'),
(37, 18, 61, 1, '2020-07-07 16:57:29'),
(38, 29, 62, 1, '2020-07-08 09:38:32'),
(39, 29, 63, 1, '2020-07-08 09:38:40'),
(40, 29, 64, 1, '2020-07-08 09:38:44'),
(41, 29, 65, 1, '2020-07-08 09:38:47'),
(42, 29, 66, 1, '2020-07-08 09:38:51'),
(43, 29, 67, 1, '2020-07-08 09:38:54'),
(44, 22, 68, 1, '2020-07-08 09:40:18'),
(45, 25, 69, 1, '2020-07-08 09:40:55'),
(46, 19, 70, 1, '2020-07-08 15:49:08'),
(47, 19, 71, 1, '2020-07-08 15:49:27'),
(48, 19, 72, 1, '2020-07-08 15:49:35'),
(49, 19, 73, 1, '2020-07-08 15:49:44'),
(50, 19, 74, 1, '2020-07-08 15:50:00'),
(51, 19, 75, 1, '2020-07-08 15:50:08'),
(52, 19, 76, 1, '2020-07-08 15:50:15'),
(53, 19, 77, 1, '2020-07-08 15:50:22'),
(54, 19, 78, 1, '2020-07-08 15:50:32'),
(55, 19, 79, 1, '2020-07-08 15:50:44'),
(56, 19, 80, 1, '2020-07-08 15:50:50'),
(57, 19, 81, 1, '2020-07-08 15:51:12'),
(58, 19, 82, 1, '2020-07-08 15:51:22'),
(59, 19, 83, 1, '2020-07-08 15:52:03'),
(60, 19, 84, 1, '2020-07-08 15:52:14'),
(61, 19, 85, 1, '2020-07-08 15:52:20'),
(62, 19, 86, 1, '2020-07-08 15:52:32'),
(63, 19, 87, 1, '2020-07-08 15:52:47'),
(64, 20, 88, 1, '2020-07-08 15:56:30'),
(65, 21, 89, 1, '2020-07-08 15:57:06'),
(66, 24, 90, 1, '2020-07-08 16:41:11'),
(67, 24, 91, 1, '2020-07-08 16:41:22'),
(68, 24, 92, 1, '2020-07-08 16:41:36'),
(69, 23, 93, 1, '2020-07-08 16:42:36'),
(70, 23, 94, 1, '2020-07-08 16:42:46'),
(71, 23, 95, 1, '2020-07-08 16:42:55'),
(72, 23, 96, 1, '2020-07-08 16:43:08'),
(73, 23, 97, 1, '2020-07-08 16:43:22'),
(74, 23, 98, 1, '2020-07-08 16:43:51'),
(75, 23, 99, 1, '2020-07-08 16:44:01'),
(76, 23, 100, 1, '2020-07-08 16:47:53'),
(77, 23, 101, 1, '2020-07-08 16:48:02'),
(78, 23, 102, 1, '2020-07-08 16:48:18'),
(79, 23, 103, 1, '2020-07-08 16:48:40'),
(80, 23, 104, 1, '2020-07-08 16:48:48'),
(81, 23, 105, 1, '2020-07-08 16:48:56'),
(82, 23, 106, 1, '2020-07-08 16:49:04'),
(83, 23, 107, 1, '2020-07-08 16:49:11'),
(84, 23, 108, 1, '2020-07-08 16:49:32'),
(85, 23, 109, 1, '2020-07-08 16:49:48'),
(86, 23, 110, 1, '2020-07-08 16:49:59'),
(87, 23, 111, 1, '2020-07-08 16:50:08'),
(88, 23, 112, 1, '2020-07-08 16:50:15'),
(89, 23, 113, 1, '2020-07-08 16:50:25'),
(90, 23, 114, 1, '2020-07-08 16:50:33'),
(91, 23, 115, 1, '2020-07-08 16:50:39'),
(92, 28, 116, 1, '2020-07-08 16:51:34'),
(93, 28, 117, 1, '2020-07-08 16:51:47'),
(94, 28, 118, 1, '2020-07-08 16:51:58'),
(95, 28, 119, 1, '2020-07-08 16:52:16'),
(96, 28, 120, 1, '2020-07-08 16:52:25'),
(97, 28, 121, 1, '2020-07-08 16:52:33'),
(98, 26, 122, 1, '2020-07-08 21:39:18'),
(99, 26, 123, 1, '2020-07-08 21:39:31'),
(100, 26, 124, 1, '2020-07-08 21:39:43'),
(101, 26, 125, 1, '2020-07-08 21:39:50'),
(102, 26, 126, 1, '2020-07-08 21:39:57'),
(103, 26, 127, 1, '2020-07-08 21:40:04'),
(104, 26, 128, 1, '2020-07-08 21:40:10'),
(105, 26, 129, 1, '2020-07-08 21:40:17'),
(106, 26, 130, 1, '2020-07-08 21:40:23'),
(107, 26, 131, 1, '2020-07-08 21:40:30'),
(108, 26, 132, 1, '2020-07-08 21:40:40'),
(109, 26, 133, 1, '2020-07-08 21:40:53'),
(110, 26, 134, 1, '2020-07-08 21:41:00'),
(111, 26, 135, 1, '2020-07-08 21:41:07'),
(112, 26, 136, 1, '2020-07-08 21:41:14'),
(113, 26, 137, 1, '2020-07-08 21:41:20'),
(114, 26, 138, 1, '2020-07-08 21:41:27'),
(115, 26, 139, 1, '2020-07-08 21:41:35'),
(116, 26, 140, 1, '2020-07-08 21:41:42'),
(117, 26, 141, 1, '2020-07-08 21:41:50'),
(118, 26, 142, 1, '2020-07-08 21:42:01'),
(119, 26, 143, 1, '2020-07-08 21:42:11'),
(120, 26, 144, 1, '2020-07-08 21:42:17'),
(121, 26, 145, 1, '2020-07-08 21:42:24'),
(122, 26, 146, 1, '2020-07-08 21:42:31'),
(123, 26, 147, 1, '2020-07-08 21:42:37'),
(124, 26, 148, 1, '2020-07-08 21:42:51'),
(125, 26, 149, 1, '2020-07-08 21:43:03'),
(126, 26, 150, 1, '2020-07-08 21:43:10'),
(127, 26, 151, 1, '2020-07-08 21:43:17'),
(128, 26, 152, 1, '2020-07-08 21:43:25'),
(129, 26, 153, 1, '2020-07-08 21:43:31'),
(130, 26, 154, 1, '2020-07-08 21:43:37'),
(131, 26, 155, 1, '2020-07-08 21:43:44'),
(132, 26, 156, 1, '2020-07-08 21:43:50'),
(133, 26, 157, 1, '2020-07-08 21:43:59'),
(134, 26, 158, 1, '2020-07-08 21:44:06'),
(135, 26, 159, 1, '2020-07-08 21:44:14'),
(136, 26, 160, 1, '2020-07-08 21:44:21'),
(137, 26, 161, 1, '2020-07-08 21:44:30'),
(138, 26, 162, 1, '2020-07-08 21:44:36'),
(139, 26, 163, 1, '2020-07-08 21:44:44'),
(140, 26, 164, 1, '2020-07-08 21:44:51'),
(141, 26, 165, 1, '2020-07-08 21:44:58'),
(142, 26, 166, 1, '2020-07-08 21:45:22'),
(143, 26, 167, 1, '2020-07-08 21:45:28'),
(144, 26, 168, 1, '2020-07-08 21:45:53'),
(145, 26, 169, 1, '2020-07-08 21:46:02'),
(146, 26, 170, 1, '2020-07-08 21:46:08'),
(147, 26, 171, 1, '2020-07-08 21:46:14'),
(148, 26, 172, 1, '2020-07-08 21:46:20'),
(149, 26, 173, 1, '2020-07-08 21:46:28'),
(150, 26, 174, 1, '2020-07-08 21:46:35'),
(151, 26, 175, 1, '2020-07-08 21:46:41'),
(152, 26, 176, 1, '2020-07-08 21:46:47'),
(153, 17, 177, 1, '2020-07-08 21:56:45'),
(154, 17, 178, 1, '2020-07-08 21:56:51'),
(155, 17, 179, 1, '2020-07-08 21:56:58'),
(156, 17, 180, 1, '2020-07-08 21:57:05'),
(157, 17, 181, 1, '2020-07-08 21:57:12'),
(158, 17, 182, 1, '2020-07-08 21:57:18'),
(159, 17, 183, 1, '2020-07-08 21:57:38'),
(160, 17, 184, 1, '2020-07-08 21:57:47'),
(161, 17, 185, 1, '2020-07-08 21:57:54'),
(162, 17, 186, 1, '2020-07-08 21:58:08'),
(163, 17, 187, 1, '2020-07-08 21:58:15'),
(164, 17, 188, 1, '2020-07-08 21:58:24'),
(165, 17, 189, 1, '2020-07-08 21:58:32'),
(166, 17, 190, 1, '2020-07-08 21:58:39');

-- --------------------------------------------------------

--
-- Table structure for table `alat_list`
--

CREATE TABLE `alat_list` (
  `id` int(11) NOT NULL,
  `alat_jenis_id` int(11) NOT NULL,
  `sn` varchar(255) NOT NULL,
  `status` tinyint(4) NOT NULL DEFAULT '1',
  `created` datetime NOT NULL DEFAULT CURRENT_TIMESTAMP,
  `updated` datetime NOT NULL DEFAULT CURRENT_TIMESTAMP ON UPDATE CURRENT_TIMESTAMP
) ENGINE=InnoDB DEFAULT CHARSET=latin1;

--
-- Dumping data for table `alat_list`
--

INSERT INTO `alat_list` (`id`, `alat_jenis_id`, `sn`, `status`, `created`, `updated`) VALUES
(36, 16, '1', 2, '2020-07-07 16:53:18', '2020-07-11 12:15:21'),
(37, 16, '2', 2, '2020-07-07 16:53:22', '2020-07-11 12:15:20'),
(38, 16, '3', 2, '2020-07-07 16:53:27', '2020-07-11 12:15:19'),
(39, 16, '4', 2, '2020-07-07 16:53:31', '2020-07-11 12:15:20'),
(40, 16, '5', 2, '2020-07-07 16:53:34', '2020-07-11 12:15:20'),
(41, 16, '6', 1, '2020-07-07 16:53:37', '2020-07-07 16:53:37'),
(42, 16, '7', 2, '2020-07-07 16:53:41', '2020-07-11 12:15:21'),
(43, 16, '8', 1, '2020-07-07 16:53:45', '2020-07-09 11:16:09'),
(44, 17, '11', 2, '2020-07-07 16:54:59', '2020-07-11 12:15:19'),
(45, 17, '22', 2, '2020-07-07 16:55:06', '2020-07-11 12:15:19'),
(46, 17, '33', 2, '2020-07-07 16:55:10', '2020-07-11 12:15:20'),
(47, 17, '44', 2, '2020-07-07 16:55:13', '2020-07-11 12:15:20'),
(48, 17, '55', 2, '2020-07-07 16:55:46', '2020-07-11 12:15:20'),
(49, 17, '66', 2, '2020-07-07 16:55:49', '2020-07-11 12:15:20'),
(50, 17, '77', 2, '2020-07-07 16:55:52', '2020-07-11 12:15:20'),
(51, 17, '88', 2, '2020-07-07 16:55:55', '2020-07-11 12:15:21'),
(52, 17, '99', 2, '2020-07-07 16:55:58', '2020-07-11 12:15:21'),
(53, 18, '111', 1, '2020-07-07 16:56:13', '2020-07-09 11:13:08'),
(54, 18, '222', 2, '2020-07-07 16:56:16', '2020-07-11 12:15:19'),
(55, 18, '333', 2, '2020-07-07 16:56:20', '2020-07-11 12:15:20'),
(56, 18, '444', 2, '2020-07-07 16:56:48', '2020-07-11 12:15:20'),
(57, 18, '555', 2, '2020-07-07 16:56:52', '2020-07-11 12:15:20'),
(58, 18, '666', 2, '2020-07-07 16:56:56', '2020-07-11 12:15:20'),
(59, 18, '888', 2, '2020-07-07 16:57:02', '2020-07-11 12:15:20'),
(60, 18, '777', 1, '2020-07-07 16:57:16', '2020-07-07 16:57:16'),
(61, 18, '999', 1, '2020-07-07 16:57:29', '2020-07-07 16:57:29'),
(62, 29, '12', 1, '2020-07-08 09:38:32', '2020-07-08 09:38:32'),
(63, 29, '13', 1, '2020-07-08 09:38:40', '2020-07-08 09:38:40'),
(64, 29, '14', 1, '2020-07-08 09:38:44', '2020-07-08 09:38:44'),
(65, 29, '15', 1, '2020-07-08 09:38:47', '2020-07-08 09:38:47'),
(66, 29, '16', 1, '2020-07-08 09:38:51', '2020-07-08 09:38:51'),
(67, 29, '17', 1, '2020-07-08 09:38:54', '2020-07-08 09:38:54'),
(68, 22, 'om1', 2, '2020-07-08 09:40:18', '2020-07-11 12:15:19'),
(69, 25, 'tp1', 2, '2020-07-08 09:40:54', '2020-07-11 12:15:19'),
(70, 19, 'sxem401', 2, '2020-07-08 15:49:08', '2020-07-11 12:15:20'),
(71, 19, 'sxem402', 2, '2020-07-08 15:49:27', '2020-07-11 12:15:20'),
(72, 19, 'sxem403', 2, '2020-07-08 15:49:35', '2020-07-11 12:15:20'),
(73, 19, 'sxem404', 2, '2020-07-08 15:49:44', '2020-07-11 12:15:20'),
(74, 19, 'sxem405', 2, '2020-07-08 15:50:00', '2020-07-11 12:15:21'),
(75, 19, 'sxem406', 1, '2020-07-08 15:50:08', '2020-07-08 15:50:08'),
(76, 19, 'sxem407', 1, '2020-07-08 15:50:15', '2020-07-08 15:50:15'),
(77, 19, 'sxem408', 1, '2020-07-08 15:50:22', '2020-07-08 15:50:22'),
(78, 19, 'sxem409', 1, '2020-07-08 15:50:32', '2020-07-08 15:50:32'),
(79, 19, 'sxem410', 1, '2020-07-08 15:50:44', '2020-07-08 15:50:44'),
(80, 19, 'sxem411', 1, '2020-07-08 15:50:50', '2020-07-08 15:50:50'),
(81, 19, 'sxem412', 1, '2020-07-08 15:51:12', '2020-07-08 15:51:12'),
(82, 19, 'sxem413', 1, '2020-07-08 15:51:22', '2020-07-08 15:51:22'),
(83, 19, 'sxem414', 1, '2020-07-08 15:52:03', '2020-07-08 15:52:03'),
(84, 19, 'sxem415', 1, '2020-07-08 15:52:14', '2020-07-08 15:52:14'),
(85, 19, 'sxem416', 1, '2020-07-08 15:52:20', '2020-07-08 15:52:20'),
(86, 19, 'sxem417', 1, '2020-07-08 15:52:32', '2020-07-08 15:52:32'),
(87, 19, 'sxem418', 1, '2020-07-08 15:52:47', '2020-07-08 15:52:47'),
(88, 20, 'xl5001lhg', 1, '2020-07-08 15:56:30', '2020-07-08 15:56:30'),
(89, 21, 'xl5ac001lhg', 1, '2020-07-08 15:57:06', '2020-07-08 15:57:06'),
(90, 24, 'c650pe001', 1, '2020-07-08 16:41:11', '2020-07-08 16:41:11'),
(91, 24, 'c650pe002', 1, '2020-07-08 16:41:22', '2020-07-08 16:41:22'),
(92, 24, 'c650pe003', 1, '2020-07-08 16:41:36', '2020-07-08 16:41:36'),
(93, 23, 'l5df001', 1, '2020-07-08 16:42:36', '2020-07-08 16:42:36'),
(94, 23, 'l5df002', 1, '2020-07-08 16:42:46', '2020-07-08 16:42:46'),
(95, 23, 'l5df003', 1, '2020-07-08 16:42:55', '2020-07-08 16:42:55'),
(96, 23, 'l5df004', 1, '2020-07-08 16:43:08', '2020-07-08 16:43:08'),
(97, 23, 'l5df005', 1, '2020-07-08 16:43:22', '2020-07-08 16:43:22'),
(98, 23, 'l5df006', 1, '2020-07-08 16:43:51', '2020-07-08 16:43:51'),
(99, 23, 'l5df007', 1, '2020-07-08 16:44:01', '2020-07-08 16:44:01'),
(100, 23, 'l5df008', 1, '2020-07-08 16:47:53', '2020-07-08 16:47:53'),
(101, 23, 'l5df009', 1, '2020-07-08 16:48:02', '2020-07-08 16:48:02'),
(102, 23, 'l5df010', 1, '2020-07-08 16:48:18', '2020-07-08 16:48:18'),
(103, 23, 'l5df011', 1, '2020-07-08 16:48:40', '2020-07-08 16:48:40'),
(104, 23, 'l5df012', 1, '2020-07-08 16:48:48', '2020-07-08 16:48:48'),
(105, 23, 'l5df013', 1, '2020-07-08 16:48:56', '2020-07-08 16:48:56'),
(106, 23, 'l5df014', 1, '2020-07-08 16:49:04', '2020-07-08 16:49:04'),
(107, 23, 'l5df015', 1, '2020-07-08 16:49:11', '2020-07-08 16:49:11'),
(108, 23, 'l5df016', 1, '2020-07-08 16:49:32', '2020-07-08 16:49:32'),
(109, 23, 'l5df017', 1, '2020-07-08 16:49:48', '2020-07-08 16:49:48'),
(110, 23, 'l5df018', 1, '2020-07-08 16:49:59', '2020-07-08 16:49:59'),
(111, 23, 'l5df019', 1, '2020-07-08 16:50:08', '2020-07-08 16:50:08'),
(112, 23, 'l5df020', 1, '2020-07-08 16:50:15', '2020-07-08 16:50:15'),
(113, 23, 'l5df021', 1, '2020-07-08 16:50:25', '2020-07-08 16:50:25'),
(114, 23, 'l5df022', 1, '2020-07-08 16:50:33', '2020-07-08 16:50:33'),
(115, 23, 'l5df023', 1, '2020-07-08 16:50:39', '2020-07-08 16:50:39'),
(116, 28, 'sw8p001', 1, '2020-07-08 16:51:34', '2020-07-08 16:51:34'),
(117, 28, 'sw8p002', 1, '2020-07-08 16:51:47', '2020-07-08 16:51:47'),
(118, 28, 'sw8p003', 1, '2020-07-08 16:51:58', '2020-07-08 16:51:58'),
(119, 28, 'sw8p004', 1, '2020-07-08 16:52:16', '2020-07-08 16:52:16'),
(120, 28, 'sw8p005', 1, '2020-07-08 16:52:25', '2020-07-08 16:52:25'),
(121, 28, 'sw8p006', 1, '2020-07-08 16:52:33', '2020-07-08 16:52:33'),
(122, 26, 'N301td001', 2, '2020-07-08 21:39:18', '2020-07-11 12:15:20'),
(123, 26, 'N301td002', 2, '2020-07-08 21:39:31', '2020-07-11 12:15:20'),
(124, 26, 'N301td003', 2, '2020-07-08 21:39:43', '2020-07-11 12:15:20'),
(125, 26, 'N301td004', 2, '2020-07-08 21:39:50', '2020-07-11 12:15:20'),
(126, 26, 'N301td005', 2, '2020-07-08 21:39:57', '2020-07-11 12:15:21'),
(127, 26, 'N301td006', 2, '2020-07-08 21:40:04', '2020-07-11 12:15:21'),
(128, 26, 'N301td007', 2, '2020-07-08 21:40:10', '2020-07-11 12:15:21'),
(129, 26, 'N301td008', 1, '2020-07-08 21:40:17', '2020-07-08 21:40:17'),
(130, 26, 'N301td009', 1, '2020-07-08 21:40:23', '2020-07-08 21:40:23'),
(131, 26, 'N301td010', 1, '2020-07-08 21:40:30', '2020-07-08 21:40:30'),
(132, 26, 'N301td011', 1, '2020-07-08 21:40:40', '2020-07-08 21:40:40'),
(133, 26, 'N301td012', 1, '2020-07-08 21:40:53', '2020-07-08 21:40:53'),
(134, 26, 'N301td013', 1, '2020-07-08 21:41:00', '2020-07-08 21:41:00'),
(135, 26, 'N301td014', 1, '2020-07-08 21:41:07', '2020-07-08 21:41:07'),
(136, 26, 'N301td015', 1, '2020-07-08 21:41:14', '2020-07-08 21:41:14'),
(137, 26, 'N301td016', 1, '2020-07-08 21:41:20', '2020-07-08 21:41:20'),
(138, 26, 'N301td017', 1, '2020-07-08 21:41:27', '2020-07-08 21:41:27'),
(139, 26, 'N301td018', 1, '2020-07-08 21:41:35', '2020-07-08 21:41:35'),
(140, 26, 'N301td019', 1, '2020-07-08 21:41:42', '2020-07-08 21:41:42'),
(141, 26, 'N301td020', 1, '2020-07-08 21:41:50', '2020-07-08 21:41:50'),
(142, 26, 'N301td021', 1, '2020-07-08 21:42:01', '2020-07-08 21:42:01'),
(143, 26, 'N301td022', 1, '2020-07-08 21:42:11', '2020-07-08 21:42:11'),
(144, 26, 'N301td023', 1, '2020-07-08 21:42:17', '2020-07-08 21:42:17'),
(145, 26, 'N301td024', 1, '2020-07-08 21:42:24', '2020-07-08 21:42:24'),
(146, 26, 'N301td025', 1, '2020-07-08 21:42:31', '2020-07-08 21:42:31'),
(147, 26, 'N301td026', 1, '2020-07-08 21:42:37', '2020-07-08 21:42:37'),
(148, 26, 'N301td027', 1, '2020-07-08 21:42:51', '2020-07-08 21:42:51'),
(149, 26, 'N301td028', 1, '2020-07-08 21:43:03', '2020-07-08 21:43:03'),
(150, 26, 'N301td029', 1, '2020-07-08 21:43:10', '2020-07-08 21:43:10'),
(151, 26, 'N301td030', 1, '2020-07-08 21:43:17', '2020-07-08 21:43:17'),
(152, 26, 'N301td031', 1, '2020-07-08 21:43:25', '2020-07-08 21:43:25'),
(153, 26, 'N301td032', 1, '2020-07-08 21:43:31', '2020-07-08 21:43:31'),
(154, 26, 'N301td034', 1, '2020-07-08 21:43:37', '2020-07-08 21:43:37'),
(155, 26, 'N301td036', 1, '2020-07-08 21:43:44', '2020-07-08 21:43:44'),
(156, 26, 'N301td037', 1, '2020-07-08 21:43:50', '2020-07-08 21:43:50'),
(157, 26, 'N301td038', 1, '2020-07-08 21:43:59', '2020-07-08 21:43:59'),
(158, 26, 'N301td039', 1, '2020-07-08 21:44:06', '2020-07-08 21:44:06'),
(159, 26, 'N301td040', 1, '2020-07-08 21:44:14', '2020-07-08 21:44:14'),
(160, 26, 'N301td041', 1, '2020-07-08 21:44:21', '2020-07-08 21:44:21'),
(161, 26, 'N301td042', 1, '2020-07-08 21:44:30', '2020-07-08 21:44:30'),
(162, 26, 'N301td043', 1, '2020-07-08 21:44:36', '2020-07-08 21:44:36'),
(163, 26, 'N301td044', 1, '2020-07-08 21:44:44', '2020-07-08 21:44:44'),
(164, 26, 'N301td045', 1, '2020-07-08 21:44:51', '2020-07-08 21:44:51'),
(165, 26, 'N301td046', 1, '2020-07-08 21:44:58', '2020-07-08 21:44:58'),
(166, 26, 'N301td047', 1, '2020-07-08 21:45:22', '2020-07-08 21:45:22'),
(167, 26, 'N301td048', 1, '2020-07-08 21:45:28', '2020-07-08 21:45:28'),
(168, 26, 'N301td049', 1, '2020-07-08 21:45:53', '2020-07-08 21:45:53'),
(169, 26, 'N301td050', 1, '2020-07-08 21:46:02', '2020-07-08 21:46:02'),
(170, 26, 'N301td051', 1, '2020-07-08 21:46:08', '2020-07-08 21:46:08'),
(171, 26, 'N301td052', 1, '2020-07-08 21:46:14', '2020-07-08 21:46:14'),
(172, 26, 'N301td053', 1, '2020-07-08 21:46:20', '2020-07-08 21:46:20'),
(173, 26, 'N301td054', 1, '2020-07-08 21:46:28', '2020-07-08 21:46:28'),
(174, 26, 'N301td055', 1, '2020-07-08 21:46:35', '2020-07-08 21:46:35'),
(175, 26, 'N301td056', 1, '2020-07-08 21:46:41', '2020-07-08 21:46:41'),
(176, 26, 'N301td057', 1, '2020-07-08 21:46:47', '2020-07-08 21:46:47'),
(177, 17, '3sxt001', 1, '2020-07-08 21:56:45', '2020-07-08 21:56:45'),
(178, 17, '3sxt002', 1, '2020-07-08 21:56:51', '2020-07-09 11:18:06'),
(179, 17, '3sxt003', 1, '2020-07-08 21:56:58', '2020-07-08 21:56:58'),
(180, 17, '3sxt004', 1, '2020-07-08 21:57:05', '2020-07-08 21:57:05'),
(181, 17, '3sxt005', 1, '2020-07-08 21:57:12', '2020-07-08 21:57:12'),
(182, 17, '3sxt006', 1, '2020-07-08 21:57:18', '2020-07-08 21:57:18'),
(183, 17, '3sxt007', 1, '2020-07-08 21:57:37', '2020-07-08 21:57:37'),
(184, 17, '3sxt008', 1, '2020-07-08 21:57:47', '2020-07-08 21:57:47'),
(185, 17, '3sxt009', 1, '2020-07-08 21:57:54', '2020-07-08 21:57:54'),
(186, 17, '3sxt010', 1, '2020-07-08 21:58:08', '2020-07-08 21:58:08'),
(187, 17, '3sxt011', 1, '2020-07-08 21:58:15', '2020-07-08 21:58:15'),
(188, 17, '3sxt012', 1, '2020-07-08 21:58:24', '2020-07-08 21:58:24'),
(189, 17, '3sxt013', 1, '2020-07-08 21:58:32', '2020-07-08 21:58:32'),
(190, 17, '3sxt014', 1, '2020-07-08 21:58:39', '2020-07-08 21:58:39');

-- --------------------------------------------------------

--
-- Table structure for table `jenis_alat`
--

CREATE TABLE `jenis_alat` (
  `id` int(11) NOT NULL,
  `title` varchar(255) NOT NULL,
  `jumlah` int(11) DEFAULT NULL,
  `tipe` int(11) NOT NULL
) ENGINE=InnoDB DEFAULT CHARSET=latin1;

--
-- Dumping data for table `jenis_alat`
--

INSERT INTO `jenis_alat` (`id`, `title`, `jumlah`, `tipe`) VALUES
(9, 'tiang', 100, 2),
(10, 'kabel', 500, 2),
(16, 'LHG 5 ', 0, 1),
(17, 'Sxtsq LV 3', 0, 1),
(18, 'Tp-Link wr840', 0, 1),
(19, 'Sxtsq LV 4', 10, 1),
(20, 'LHG 5 XL', 1, 1),
(21, 'LHG 5 XL AC', 1, 1),
(22, 'Omni Hyperlink 5,8', 1, 1),
(23, 'LDF 5', 10, 1),
(24, 'CPE 650', 3, 1),
(25, 'TP-LINK wr84', 20, 1),
(26, 'Tenda n301', 20, 1),
(27, 'RB 750 GR', 8, 1),
(28, 'Switch hub port 8', 10, 1),
(29, 'manbox 19 s', 0, 1);

-- --------------------------------------------------------

--
-- Table structure for table `laporan`
--

CREATE TABLE `laporan` (
  `id` int(11) NOT NULL,
  `user_id` int(11) NOT NULL,
  `ket` text NOT NULL,
  `created` datetime NOT NULL DEFAULT CURRENT_TIMESTAMP,
  `updated` datetime NOT NULL DEFAULT CURRENT_TIMESTAMP ON UPDATE CURRENT_TIMESTAMP
) ENGINE=InnoDB DEFAULT CHARSET=latin1;

--
-- Dumping data for table `laporan`
--

INSERT INTO `laporan` (`id`, `user_id`, `ket`, `created`, `updated`) VALUES
(7, 9, 'Mulai maintance di rumah Pak Rosyid', '2020-07-11 15:08:05', '2020-07-11 15:08:05'),
(8, 9, 'Maintance di rumah Pak Rosyid selesai.', '2020-07-11 15:12:07', '2020-07-11 15:12:07'),
(9, 9, 'Mulai maintance di rumah Pak Rosyid', '2020-07-11 15:14:53', '2020-07-11 15:14:53');

-- --------------------------------------------------------

--
-- Table structure for table `maintance`
--

CREATE TABLE `maintance` (
  `id` int(11) NOT NULL,
  `pelanggan_id` int(11) NOT NULL,
  `user_id` int(11) NOT NULL,
  `keluhan` text NOT NULL,
  `solusi` text NOT NULL,
  `status` int(11) NOT NULL,
  `created` datetime NOT NULL DEFAULT CURRENT_TIMESTAMP,
  `updated` datetime NOT NULL DEFAULT CURRENT_TIMESTAMP ON UPDATE CURRENT_TIMESTAMP
) ENGINE=InnoDB DEFAULT CHARSET=latin1;

--
-- Dumping data for table `maintance`
--

INSERT INTO `maintance` (`id`, `pelanggan_id`, `user_id`, `keluhan`, `solusi`, `status`, `created`, `updated`) VALUES
(2, 10, 9, 'keluhan', 'asdds', 4, '2020-07-09 10:10:53', '2020-07-11 15:12:07'),
(3, 10, 9, 'ini komplain', '-', 2, '2020-07-09 10:22:27', '2020-07-11 15:14:53'),
(5, 12, 9, 'Keluhan', '-', 1, '2020-07-11 12:43:13', '2020-07-11 15:07:25');

-- --------------------------------------------------------

--
-- Table structure for table `pelanggan`
--

CREATE TABLE `pelanggan` (
  `id` int(11) NOT NULL,
  `user_id` int(11) NOT NULL,
  `nama` varchar(255) NOT NULL,
  `no_tlp` varchar(13) NOT NULL,
  `kab` varchar(255) NOT NULL,
  `kec` varchar(225) NOT NULL,
  `alamat` text NOT NULL,
  `alat_biaya` int(11) NOT NULL,
  `nik` varchar(255) NOT NULL,
  `kk` varchar(255) NOT NULL,
  `pekerjaan` varchar(255) NOT NULL,
  `kordinat` varchar(255) NOT NULL,
  `foto_pelanggan` varchar(255) NOT NULL,
  `foto_rumah` varchar(255) NOT NULL,
  `no_pelanggan` varchar(255) NOT NULL,
  `active` tinyint(4) NOT NULL,
  `created` datetime NOT NULL DEFAULT CURRENT_TIMESTAMP,
  `updated` datetime NOT NULL DEFAULT CURRENT_TIMESTAMP ON UPDATE CURRENT_TIMESTAMP
) ENGINE=InnoDB DEFAULT CHARSET=latin1;

--
-- Dumping data for table `pelanggan`
--

INSERT INTO `pelanggan` (`id`, `user_id`, `nama`, `no_tlp`, `kab`, `kec`, `alamat`, `alat_biaya`, `nik`, `kk`, `pekerjaan`, `kordinat`, `foto_pelanggan`, `foto_rumah`, `no_pelanggan`, `active`, `created`, `updated`) VALUES
(10, 9, 'Pak Rosyid', '08', 'pati', 'winong', 'winong', 500000000, '1', '1', '1', '1', 'pelanggan-1.png', 'rumah-1.png', '123', 3, '2020-07-08 09:37:30', '2020-07-10 13:56:57'),
(11, 9, 'Pak wo sukun', '081', 'Pati', 'Pati', 'Sukun, mulyoharjo', 0, '089', '890', 'pemdes', '098', 'pelanggan-089.jpeg', 'rumah-089.jpeg', '123', 3, '2020-07-08 09:37:30', '2020-07-08 09:45:11'),
(12, 16, 'Ardati ', '085726778865', 'pati', 'pati', 'Puri', 0, '1', '1', '1', '13', 'pelanggan-1.png', 'rumah-1.png', '1', 3, '2020-07-08 09:37:30', '2020-07-11 12:27:57'),
(13, 16, 'Iriyanto', '081228240141', 'Pati', 'Pati', 'Puri', 0, '1', '1', '1', '1', 'pelanggan-1.png', 'rumah-1.png', '1', 3, '2020-07-08 09:37:30', '2020-07-11 12:29:26'),
(14, 16, 'Dedy Puri', '6282227722619', 'Pati', 'Pati', 'Puri', 0, '1', '1', '1', '1', 'pelanggan-1.png', 'rumah-1.png', '11', 3, '2020-07-08 09:37:30', '2020-07-11 12:30:22'),
(15, 16, 'Zaenal Arip', '85700029093', 'Pati', 'Pati', 'Mulyoharjo,sukun', 0, '-', '-', '-', '-', '-', '-', '-', 2, '2020-07-08 09:37:30', '2020-07-08 21:52:23'),
(16, 16, 'Rotama Tofan Puri', '085327742773', 'Pati', 'Pati', 'Puri', 0, '-', '-', '-', '-', '-', '-', '-', 2, '2020-07-08 09:37:30', '2020-07-08 21:26:59'),
(17, 9, 'PAK ROSIT', '1234', 'pati', 'winong', 'winong', 3360000, '-', '-', '-', '-', '-', '-', '-', 4, '2020-07-08 09:37:30', '2020-07-08 21:29:26'),
(18, 16, 'Imam Suroso sukun', '085213156406', 'Pati', 'Pati', 'Mulyoharjo,sukun', 0, '-', '-', '-', '-', '-', '-', '-', 2, '2020-07-08 09:37:30', '2020-07-08 21:51:42'),
(19, 16, 'Sumanto sukun', '85225278596', 'Pati', 'Pati', 'Mulyoharjo', 0, '-', '-', '-', '-', '-', '-', '-', 2, '2020-07-08 09:37:30', '2020-07-08 21:52:50'),
(20, 16, 'Bandi sukun', '081390482818', 'Pati', 'Pati', 'Mulyoharjo', 0, '-', '-', '-', '-', '-', '-', '-', 2, '2020-07-08 09:37:30', '2020-07-08 21:53:31'),
(21, 16, 'Dardi sukun', '081325301726', 'Pati', 'Pati', 'Mulyoharjo', 0, '-', '-', '-', '-', '-', '-', '-', 2, '2020-07-08 09:37:30', '2020-07-08 21:54:57'),
(22, 16, 'Sunaryo sukun', '081215992917', 'Pati', 'Pati', 'Mulyoharjo,sukun', 0, '-', '-', '-', '-', '-', '-', '-', 2, '2020-07-08 09:37:30', '2020-07-08 21:55:28'),
(23, 9, 'IBU ANTOK', '081', 'pati', 'pati', 'SIDOKERTO', 0, '-', '-', '-', '-', '-', '-', '-', 2, '2020-07-08 09:37:30', '2020-07-07 22:21:30'),
(24, 16, 'ANDRY WAHYU', '082237919090', 'pati', 'pati ', 'mulyoharjo,sukun', 0, '-', '-', '-', '-', '-', '-', '-', 1, '2020-07-08 15:19:27', '2020-07-08 15:19:27'),
(25, 16, 'sutarni', '082329581783', 'pati', 'pati ', 'mulyoharjo,sukun', 0, '-', '-', '-', '-', '-', '-', '-', 2, '2020-07-08 15:33:46', '2020-07-11 12:15:17'),
(26, 16, 'Rusmanto/leman', '0821433116227', 'pati', 'pati ', 'mulyoharjo,sukun', 0, '-', '-', '-', '-', '-', '-', '-', 1, '2020-07-08 15:34:43', '2020-07-08 15:34:43'),
(27, 16, 'Edy sutopo', '085741550693', 'pati', 'pati ', 'mulyoharjo,sukun', 0, '-', '-', '-', '-', '-', '-', '-', 1, '2020-07-08 15:35:28', '2020-07-08 15:35:28'),
(28, 16, 'Arif modin', '082237919090', 'pati', 'pati ', 'mulyoharjo,sukun', 0, '-', '-', '-', '-', '-', '-', '-', 1, '2020-07-08 15:36:18', '2020-07-08 15:36:18'),
(29, 16, 'Agung', '085326294224', 'pati', 'pati ', 'mulyoharjo,sukun', 0, '-', '-', '-', '-', '-', '-', '-', 2, '2020-07-08 15:36:57', '2020-07-08 21:35:14'),
(30, 16, 'Ita', '085923264825', 'pati', 'pati ', 'mulyoharjo,sukun', 0, '-', '-', '-', '-', '-', '-', '-', 4, '2020-07-08 15:37:38', '2020-07-08 21:36:13'),
(31, 16, 'Sudarko', '085325329154', 'pati', 'pati ', 'Puri', 0, '-', '-', '-', '-', '-', '-', '-', 2, '2020-07-08 15:38:27', '2020-07-08 21:37:10'),
(32, 16, 'Bangkit', '085328511011', 'pati', 'pati ', 'Winong', 0, '-', '-', '-', '-', '-', '-', '-', 2, '2020-07-08 15:39:13', '2020-07-08 21:48:42'),
(33, 16, 'Winda', '085290206869', 'pati', 'pati ', 'Ngarus', 0, '-', '-', '-', '-', '-', '-', '-', 2, '2020-07-08 15:39:52', '2020-07-08 21:49:37'),
(34, 16, 'Jumiati', '082329667140', 'pati', 'pati ', 'mulyoharjo,sukun', 0, '-', '-', '-', '-', '-', '-', '-', 1, '2020-07-08 15:40:30', '2020-07-08 15:40:30'),
(35, 16, 'Tya', '08522544834', 'pati', 'pati ', 'mulyoharjo,sukun', 0, '-', '-', '-', '-', '-', '-', '-', 1, '2020-07-08 15:41:18', '2020-07-08 15:41:18'),
(36, 16, 'Sutini', '082329581783', 'pati', 'pati ', 'Puri', 0, '-', '-', '-', '-', '-', '-', '-', 1, '2020-07-08 15:41:56', '2020-07-08 15:41:56'),
(37, 16, 'Vegita ', '081805760445', 'pati', 'margorejo', 'sukoharjo,jagan', 0, '-', '-', '-', '-', '-', '-', '-', 2, '2020-07-08 21:31:13', '2020-07-08 21:54:30'),
(38, 16, 'RUSMINI', '082325393313', 'pati', 'pati ', 'mulyoharjo,sukun', 0, '-', '-', '-', '-', '-', '-', '-', 1, '2020-07-09 09:49:20', '2020-07-09 09:49:20'),
(39, 16, 'SUWARNO', '085222790567', 'pati', 'pati ', 'mulyoharjo,sukun', 0, '-', '-', '-', '-', '-', '-', '-', 1, '2020-07-09 09:50:01', '2020-07-09 09:50:01'),
(40, 16, 'MARIYONO', '081326532417', 'pati', 'pati ', 'mulyoharjo,sukun', 0, '-', '-', '-', '-', '-', '-', '-', 1, '2020-07-09 09:50:49', '2020-07-09 09:50:49'),
(41, 16, 'SULIYANI', '085329508490', 'pati', 'pati ', 'mulyoharjo,sukun', 0, '-', '-', '-', '-', '-', '-', '-', 1, '2020-07-09 09:51:25', '2020-07-09 09:51:25'),
(42, 16, 'SAHRUL', '08339924175', 'pati', 'pati ', 'mulyoharjo,sukun', 0, '-', '-', '-', '-', '-', '-', '-', 1, '2020-07-09 09:52:00', '2020-07-09 09:52:00'),
(43, 16, 'DIDIK', '081390772975', 'pati', 'pati ', 'mulyoharjo,sukun', 0, '-', '-', '-', '-', '-', '-', '-', 1, '2020-07-09 09:52:39', '2020-07-09 09:52:39'),
(44, 16, 'PURNOMO', '085201054034', 'pati', 'pati ', 'mulyoharjo,sukun', 0, '-', '-', '-', '-', '-', '-', '-', 1, '2020-07-09 09:53:40', '2020-07-09 09:53:40'),
(45, 16, 'IMAM (Penjol)', '08176348805', 'pati', 'pati ', 'mulyoharjo,sukun', 0, '-', '-', '-', '-', '-', '-', '-', 1, '2020-07-09 09:54:19', '2020-07-09 09:54:19'),
(46, 16, 'HARIYANTO', '081280976981', 'pati', 'pati ', 'mulyoharjo,sukun', 0, '-', '-', '-', '-', '-', '-', '-', 1, '2020-07-09 09:54:58', '2020-07-09 09:54:58'),
(47, 16, 'Bayan kutoharjo', '047', 'pati', 'pati ', 'kutoharjo', 0, '-', '-', '-', '-', '-', '-', '-', 1, '2020-07-09 09:57:48', '2020-07-09 09:57:48'),
(48, 16, 'op semampir', '048', 'pati', 'pati ', 'semapir', 0, '-', '-', '-', '-', '-', '-', '-', 1, '2020-07-09 09:58:18', '2020-07-09 09:58:18'),
(49, 16, 'SUKARDI', '085233283250', 'pati', 'pati ', 'mulyoharjo,sukun', 0, '-', '-', '-', '-', '-', '-', '-', 1, '2020-07-09 09:59:06', '2020-07-09 09:59:06'),
(50, 16, 'OP BUMIHARJO', '081328515048', 'pati', 'winong', 'bumiharjo', 0, '-', '-', '-', '-', '-', '-', '-', 1, '2020-07-09 10:00:22', '2020-07-09 10:00:22');

-- --------------------------------------------------------

--
-- Table structure for table `pemasangan`
--

CREATE TABLE `pemasangan` (
  `id` int(11) NOT NULL,
  `pelanggan_id` int(11) NOT NULL,
  `tiang` int(11) NOT NULL,
  `kabel` int(11) NOT NULL,
  `trx` int(11) NOT NULL,
  `ccq` int(11) NOT NULL,
  `metode` int(11) NOT NULL,
  `pemasangan` int(11) NOT NULL,
  `created` datetime NOT NULL DEFAULT CURRENT_TIMESTAMP,
  `updated` datetime NOT NULL DEFAULT CURRENT_TIMESTAMP ON UPDATE CURRENT_TIMESTAMP
) ENGINE=InnoDB DEFAULT CHARSET=latin1;

--
-- Dumping data for table `pemasangan`
--

INSERT INTO `pemasangan` (`id`, `pelanggan_id`, `tiang`, `kabel`, `trx`, `ccq`, `metode`, `pemasangan`, `created`, `updated`) VALUES
(9, 12, 3, 25, 1, 1, 2, 2, '2020-07-07 21:41:35', '2020-07-11 12:27:57'),
(10, 13, 3, 25, 1, 1, 2, 2, '2020-07-07 22:04:34', '2020-07-11 12:29:26'),
(11, 14, 3, 30, 1, 1, 2, 2, '2020-07-07 22:14:46', '2020-07-11 12:30:22'),
(12, 23, 0, 50, 0, 0, 2, 1, '2020-07-07 22:21:30', '2020-07-07 22:21:30'),
(14, 11, 3, 25, 50, 80, 1, 2, '2020-07-08 09:42:31', '2020-07-08 09:45:11'),
(15, 16, 3, 25, 0, 0, 2, 1, '2020-07-08 21:26:59', '2020-07-08 21:26:59'),
(16, 29, 1, 25, 0, 0, 1, 1, '2020-07-08 21:35:14', '2020-07-08 21:35:14'),
(17, 31, 3, 25, 0, 0, 1, 1, '2020-07-08 21:37:10', '2020-07-08 21:37:10'),
(18, 32, 3, 25, 0, 0, 2, 1, '2020-07-08 21:48:42', '2020-07-08 21:48:42'),
(19, 33, 3, 30, 0, 0, 2, 1, '2020-07-08 21:49:37', '2020-07-08 21:49:37'),
(20, 18, 1, 16, 0, 0, 2, 1, '2020-07-08 21:51:42', '2020-07-08 21:51:42'),
(21, 15, 1, 16, 0, 0, 2, 1, '2020-07-08 21:52:23', '2020-07-08 21:52:23'),
(22, 19, 1, 16, 0, 0, 2, 1, '2020-07-08 21:52:50', '2020-07-08 21:52:50'),
(23, 20, 1, 16, 0, 0, 2, 1, '2020-07-08 21:53:31', '2020-07-08 21:53:31'),
(24, 37, 3, 25, 0, 0, 2, 1, '2020-07-08 21:54:30', '2020-07-08 21:54:30'),
(25, 21, 1, 16, 0, 0, 2, 1, '2020-07-08 21:54:57', '2020-07-08 21:54:57'),
(26, 22, 1, 16, 0, 0, 1, 1, '2020-07-08 21:55:28', '2020-07-08 21:55:28'),
(29, 10, 1, 1, 1, 1, 1, 2, '2020-07-09 11:18:44', '2020-07-09 11:19:25'),
(30, 25, 3, 4, 0, 0, 1, 1, '2020-07-11 12:15:17', '2020-07-11 12:15:17');

-- --------------------------------------------------------

--
-- Table structure for table `selesai`
--

CREATE TABLE `selesai` (
  `id` int(11) NOT NULL,
  `pelanggan_id` int(11) NOT NULL,
  `user_id` int(11) NOT NULL,
  `tgl_pks` datetime NOT NULL DEFAULT CURRENT_TIMESTAMP
) ENGINE=InnoDB DEFAULT CHARSET=latin1;

--
-- Dumping data for table `selesai`
--

INSERT INTO `selesai` (`id`, `pelanggan_id`, `user_id`, `tgl_pks`) VALUES
(7, 11, 9, '2020-07-08 09:20:31'),
(11, 10, 9, '2020-07-09 11:19:24'),
(12, 12, 9, '2020-07-11 12:27:57'),
(13, 13, 9, '2020-07-11 12:29:26'),
(14, 14, 9, '2020-07-11 12:30:22');

-- --------------------------------------------------------

--
-- Table structure for table `user`
--

CREATE TABLE `user` (
  `id` int(11) NOT NULL,
  `username` varchar(255) NOT NULL,
  `password` varchar(255) NOT NULL,
  `email` varchar(255) NOT NULL,
  `is_active` tinyint(1) NOT NULL DEFAULT '0',
  `created` datetime NOT NULL DEFAULT CURRENT_TIMESTAMP,
  `updated` datetime NOT NULL DEFAULT CURRENT_TIMESTAMP ON UPDATE CURRENT_TIMESTAMP
) ENGINE=InnoDB DEFAULT CHARSET=latin1;

--
-- Dumping data for table `user`
--

INSERT INTO `user` (`id`, `username`, `password`, `email`, `is_active`, `created`, `updated`) VALUES
(9, 'root', '$2y$10$MaeBDW4FFonbjn.gskjh1.6oRPvLhBf0VkZ96GsPcQ17g.abgSHzu', 'root@gmail.com', 1, '2020-06-29 10:24:12', '2020-07-07 10:52:50'),
(16, 'vika', '$2y$10$mfgixu.BQT/SBBJ0X9nDCOhBqWZg0qVZl.BKSzOBOgd5gh8o/675S', 'vika@mandesa.co.id', 1, '2020-07-07 16:38:23', '2020-07-08 08:51:25'),
(17, 'ropek', '$2y$10$Qj/eTm8QKa8IsbrgYpGUQePlhWIwv41IhLTR1lEZFDEBCrpKF8eAG', 'ropek@mandesa.co.id', 1, '2020-07-07 16:39:05', '2020-07-08 08:51:07'),
(18, 'duwi', '$2y$10$spHVgpXd6qpx3RXbrtRQTeJC9x775YLlHFOBNZeZj5kr0NvrFRBmu', 'duwi@mandesa.co.id', 1, '2020-07-07 16:39:44', '2020-07-08 08:43:27'),
(19, 'andian', '$2y$10$iiExBTu.UMzcBVnkhxBV0.vR4Vyr.W0f9EEGb0ahdfmZQKOxYaNUm', 'andian@mandesa.co.id', 1, '2020-07-08 08:49:51', '2020-07-08 08:49:51'),
(20, 'anam', '$2y$10$LUOvhlZChzw.iVbQC2kTI.Srzx2zC6NDn5GEgHzZ5ztowd6zAiRgi', 'anam@mandesa.co.id', 1, '2020-07-08 08:50:18', '2020-07-08 08:50:18'),
(21, 'agus', '$2y$10$uncBwmEFeVbXmjIbUGjq2uVnnmmODyJlRAYQd.kLphUmbPK67DOQu', 'agus@mandesa.co.id', 1, '2020-07-08 08:50:47', '2020-07-08 08:50:47');

-- --------------------------------------------------------

--
-- Table structure for table `user_has_role`
--

CREATE TABLE `user_has_role` (
  `id` int(11) NOT NULL,
  `user_id` int(11) NOT NULL,
  `user_role_id` int(11) NOT NULL
) ENGINE=InnoDB DEFAULT CHARSET=latin1;

--
-- Dumping data for table `user_has_role`
--

INSERT INTO `user_has_role` (`id`, `user_id`, `user_role_id`) VALUES
(55, 9, 1),
(63, 16, 1),
(64, 17, 3),
(65, 18, 3),
(66, 19, 3),
(67, 20, 3),
(68, 21, 3);

-- --------------------------------------------------------

--
-- Table structure for table `user_profile`
--

CREATE TABLE `user_profile` (
  `id` int(11) NOT NULL,
  `user_id` int(11) NOT NULL,
  `nama` varchar(255) NOT NULL,
  `img` varchar(255) DEFAULT NULL,
  `no_tlp` varchar(225) NOT NULL,
  `alamat` text NOT NULL,
  `gender` tinyint(1) NOT NULL DEFAULT '1'
) ENGINE=InnoDB DEFAULT CHARSET=latin1;

--
-- Dumping data for table `user_profile`
--

INSERT INTO `user_profile` (`id`, `user_id`, `nama`, `img`, `no_tlp`, `alamat`, `gender`) VALUES
(10, 9, 'Admin', 'admin.png', '0', '-', 1),
(17, 16, 'Vika', 'admin.jpg', '082322929429', 'KAYEN', 0),
(18, 17, 'ropek', 'admin.jpg', '081', 'winong', 1),
(19, 18, 'duwi', 'admin.jpg', '081', 'MULYOHARJO', 1),
(20, 19, 'andian', 'admin.png', '08', '-', 1),
(21, 20, 'anam', 'admin.png', '08', '-', 1),
(22, 21, 'agus', 'admin.png', '08', '-', 1);

-- --------------------------------------------------------

--
-- Table structure for table `user_role`
--

CREATE TABLE `user_role` (
  `id` int(11) NOT NULL,
  `title` varchar(255) NOT NULL,
  `description` text NOT NULL,
  `level` int(11) NOT NULL,
  `created` datetime NOT NULL DEFAULT CURRENT_TIMESTAMP,
  `updated` datetime NOT NULL DEFAULT CURRENT_TIMESTAMP ON UPDATE CURRENT_TIMESTAMP
) ENGINE=InnoDB DEFAULT CHARSET=latin1;

--
-- Dumping data for table `user_role`
--

INSERT INTO `user_role` (`id`, `title`, `description`, `level`, `created`, `updated`) VALUES
(1, 'admin', 'user untuk admin', 1, '2019-09-25 18:53:20', '2019-09-25 18:53:20'),
(3, 'team_net', 'user untuk team net', 2, '2020-06-05 16:59:33', '2020-07-03 10:05:31');

--
-- Indexes for dumped tables
--

--
-- Indexes for table `alat_dipakai`
--
ALTER TABLE `alat_dipakai`
  ADD PRIMARY KEY (`id`);

--
-- Indexes for table `alat_history`
--
ALTER TABLE `alat_history`
  ADD PRIMARY KEY (`id`);

--
-- Indexes for table `alat_list`
--
ALTER TABLE `alat_list`
  ADD PRIMARY KEY (`id`),
  ADD KEY `alat_jenis_id` (`alat_jenis_id`);

--
-- Indexes for table `jenis_alat`
--
ALTER TABLE `jenis_alat`
  ADD PRIMARY KEY (`id`);

--
-- Indexes for table `laporan`
--
ALTER TABLE `laporan`
  ADD PRIMARY KEY (`id`);

--
-- Indexes for table `maintance`
--
ALTER TABLE `maintance`
  ADD PRIMARY KEY (`id`);

--
-- Indexes for table `pelanggan`
--
ALTER TABLE `pelanggan`
  ADD PRIMARY KEY (`id`);

--
-- Indexes for table `pemasangan`
--
ALTER TABLE `pemasangan`
  ADD PRIMARY KEY (`id`);

--
-- Indexes for table `selesai`
--
ALTER TABLE `selesai`
  ADD PRIMARY KEY (`id`);

--
-- Indexes for table `user`
--
ALTER TABLE `user`
  ADD PRIMARY KEY (`id`),
  ADD UNIQUE KEY `username` (`username`);

--
-- Indexes for table `user_has_role`
--
ALTER TABLE `user_has_role`
  ADD PRIMARY KEY (`id`),
  ADD KEY `user_id` (`user_id`),
  ADD KEY `user_role_id` (`user_role_id`);

--
-- Indexes for table `user_profile`
--
ALTER TABLE `user_profile`
  ADD PRIMARY KEY (`id`),
  ADD KEY `user_id` (`user_id`);

--
-- Indexes for table `user_role`
--
ALTER TABLE `user_role`
  ADD PRIMARY KEY (`id`);

--
-- AUTO_INCREMENT for dumped tables
--

--
-- AUTO_INCREMENT for table `alat_dipakai`
--
ALTER TABLE `alat_dipakai`
  MODIFY `id` int(11) NOT NULL AUTO_INCREMENT, AUTO_INCREMENT=58;
--
-- AUTO_INCREMENT for table `alat_history`
--
ALTER TABLE `alat_history`
  MODIFY `id` int(11) NOT NULL AUTO_INCREMENT, AUTO_INCREMENT=167;
--
-- AUTO_INCREMENT for table `alat_list`
--
ALTER TABLE `alat_list`
  MODIFY `id` int(11) NOT NULL AUTO_INCREMENT, AUTO_INCREMENT=191;
--
-- AUTO_INCREMENT for table `jenis_alat`
--
ALTER TABLE `jenis_alat`
  MODIFY `id` int(11) NOT NULL AUTO_INCREMENT, AUTO_INCREMENT=30;
--
-- AUTO_INCREMENT for table `laporan`
--
ALTER TABLE `laporan`
  MODIFY `id` int(11) NOT NULL AUTO_INCREMENT, AUTO_INCREMENT=10;
--
-- AUTO_INCREMENT for table `maintance`
--
ALTER TABLE `maintance`
  MODIFY `id` int(11) NOT NULL AUTO_INCREMENT, AUTO_INCREMENT=6;
--
-- AUTO_INCREMENT for table `pelanggan`
--
ALTER TABLE `pelanggan`
  MODIFY `id` int(11) NOT NULL AUTO_INCREMENT, AUTO_INCREMENT=51;
--
-- AUTO_INCREMENT for table `pemasangan`
--
ALTER TABLE `pemasangan`
  MODIFY `id` int(11) NOT NULL AUTO_INCREMENT, AUTO_INCREMENT=31;
--
-- AUTO_INCREMENT for table `selesai`
--
ALTER TABLE `selesai`
  MODIFY `id` int(11) NOT NULL AUTO_INCREMENT, AUTO_INCREMENT=15;
--
-- AUTO_INCREMENT for table `user`
--
ALTER TABLE `user`
  MODIFY `id` int(11) NOT NULL AUTO_INCREMENT, AUTO_INCREMENT=22;
--
-- AUTO_INCREMENT for table `user_has_role`
--
ALTER TABLE `user_has_role`
  MODIFY `id` int(11) NOT NULL AUTO_INCREMENT, AUTO_INCREMENT=69;
--
-- AUTO_INCREMENT for table `user_profile`
--
ALTER TABLE `user_profile`
  MODIFY `id` int(11) NOT NULL AUTO_INCREMENT, AUTO_INCREMENT=23;
--
-- AUTO_INCREMENT for table `user_role`
--
ALTER TABLE `user_role`
  MODIFY `id` int(11) NOT NULL AUTO_INCREMENT, AUTO_INCREMENT=4;
--
-- Constraints for dumped tables
--

--
-- Constraints for table `alat_list`
--
ALTER TABLE `alat_list`
  ADD CONSTRAINT `alat_list_ibfk_1` FOREIGN KEY (`alat_jenis_id`) REFERENCES `jenis_alat` (`id`) ON DELETE NO ACTION ON UPDATE CASCADE;

--
-- Constraints for table `user_has_role`
--
ALTER TABLE `user_has_role`
  ADD CONSTRAINT `user_has_role_ibfk_1` FOREIGN KEY (`user_id`) REFERENCES `user` (`id`) ON DELETE CASCADE ON UPDATE CASCADE,
  ADD CONSTRAINT `user_has_role_ibfk_2` FOREIGN KEY (`user_role_id`) REFERENCES `user_role` (`id`) ON DELETE CASCADE ON UPDATE CASCADE;

--
-- Constraints for table `user_profile`
--
ALTER TABLE `user_profile`
  ADD CONSTRAINT `user_profile_ibfk_1` FOREIGN KEY (`user_id`) REFERENCES `user` (`id`) ON DELETE CASCADE ON UPDATE CASCADE;

/*!40101 SET CHARACTER_SET_CLIENT=@OLD_CHARACTER_SET_CLIENT */;
/*!40101 SET CHARACTER_SET_RESULTS=@OLD_CHARACTER_SET_RESULTS */;
/*!40101 SET COLLATION_CONNECTION=@OLD_COLLATION_CONNECTION */;
